index_in_dataset,metric,depth,width,num_iter,skip_n11,mic_obj_group,microscope_type,object,index_in_tiff,Component 1,Component 2
0,l1_gt,6,32,1100,4,nucleus_confocal,confocal,nucleus,0,-1.1461730003356934,0.19743046164512634
0,lpips_gt,8,16,2800,4,nucleus_confocal,confocal,nucleus,0,-1.1461730003356934,0.19743046164512634
0,lpips_gt_rank,4,16,2900,4,nucleus_confocal,confocal,nucleus,0,-1.1461730003356934,0.19743046164512634
0,lpips_psnr_gt,8,64,1800,4,nucleus_confocal,confocal,nucleus,0,-1.1461730003356934,0.19743046164512634
0,mse_gt,6,32,1100,4,nucleus_confocal,confocal,nucleus,0,-1.1461730003356934,0.19743046164512634
0,psnr_gt,6,32,1100,4,nucleus_confocal,confocal,nucleus,0,-1.1461730003356934,0.19743046164512634
0,psnr_gt_rank,7,512,100,0,nucleus_confocal,confocal,nucleus,0,-1.1461730003356934,0.19743046164512634
0,ssim_gt,6,32,1200,4,nucleus_confocal,confocal,nucleus,0,-1.1461730003356934,0.19743046164512634
69,l1_gt,4,64,2900,0,nucleus_confocal,confocal,nucleus,1,-11.564679145812988,0.5060223937034607
69,lpips_gt,7,64,1700,4,nucleus_confocal,confocal,nucleus,1,-11.564679145812988,0.5060223937034607
69,lpips_gt_rank,8,512,100,4,nucleus_confocal,confocal,nucleus,1,-11.564679145812988,0.5060223937034607
69,lpips_psnr_gt,7,64,1500,4,nucleus_confocal,confocal,nucleus,1,-11.564679145812988,0.5060223937034607
69,mse_gt,4,asc_to512,700,4,nucleus_confocal,confocal,nucleus,1,-11.564679145812988,0.5060223937034607
69,psnr_gt,4,asc_to512,700,4,nucleus_confocal,confocal,nucleus,1,-11.564679145812988,0.5060223937034607
69,psnr_gt_rank,6,512,100,0,nucleus_confocal,confocal,nucleus,1,-11.564679145812988,0.5060223937034607
69,ssim_gt,4,asc_to512,900,4,nucleus_confocal,confocal,nucleus,1,-11.564679145812988,0.5060223937034607
75,l1_gt,5,asc_to512,1900,4,nucleus_confocal,confocal,nucleus,2,-11.38123607635498,0.5144809484481812
75,lpips_gt,6,64,1900,4,nucleus_confocal,confocal,nucleus,2,-11.38123607635498,0.5144809484481812
75,lpips_gt_rank,8,16,200,0,nucleus_confocal,confocal,nucleus,2,-11.38123607635498,0.5144809484481812
75,lpips_psnr_gt,6,32,2300,4,nucleus_confocal,confocal,nucleus,2,-11.38123607635498,0.5144809484481812
75,mse_gt,4,32,700,4,nucleus_confocal,confocal,nucleus,2,-11.38123607635498,0.5144809484481812
75,psnr_gt,4,32,700,4,nucleus_confocal,confocal,nucleus,2,-11.38123607635498,0.5144809484481812
75,psnr_gt_rank,8,512,100,4,nucleus_confocal,confocal,nucleus,2,-11.38123607635498,0.5144809484481812
75,ssim_gt,4,32,900,4,nucleus_confocal,confocal,nucleus,2,-11.38123607635498,0.5144809484481812
83,l1_gt,4,32,900,4,nucleus_confocal,confocal,nucleus,3,-11.561538696289062,0.5028703212738037
83,lpips_gt,8,64,2400,4,nucleus_confocal,confocal,nucleus,3,-11.561538696289062,0.5028703212738037
83,lpips_gt_rank,8,16,100,0,nucleus_confocal,confocal,nucleus,3,-11.561538696289062,0.5028703212738037
83,lpips_psnr_gt,4,32,1600,4,nucleus_confocal,confocal,nucleus,3,-11.561538696289062,0.5028703212738037
83,mse_gt,4,32,800,4,nucleus_confocal,confocal,nucleus,3,-11.561538696289062,0.5028703212738037
83,psnr_gt,4,32,800,4,nucleus_confocal,confocal,nucleus,3,-11.561538696289062,0.5028703212738037
83,psnr_gt_rank,7,512,100,4,nucleus_confocal,confocal,nucleus,3,-11.561538696289062,0.5028703212738037
83,ssim_gt,4,32,900,4,nucleus_confocal,confocal,nucleus,3,-11.561538696289062,0.5028703212738037
84,l1_gt,4,32,1100,4,nucleus_confocal,confocal,nucleus,4,-11.524149894714355,0.49245473742485046
84,lpips_gt,7,32,2100,4,nucleus_confocal,confocal,nucleus,4,-11.524149894714355,0.49245473742485046
84,lpips_gt_rank,8,asc_to512,100,0,nucleus_confocal,confocal,nucleus,4,-11.524149894714355,0.49245473742485046
84,lpips_psnr_gt,6,16,1700,4,nucleus_confocal,confocal,nucleus,4,-11.524149894714355,0.49245473742485046
84,mse_gt,4,32,700,4,nucleus_confocal,confocal,nucleus,4,-11.524149894714355,0.49245473742485046
84,psnr_gt,4,32,700,4,nucleus_confocal,confocal,nucleus,4,-11.524149894714355,0.49245473742485046
84,psnr_gt_rank,7,512,100,4,nucleus_confocal,confocal,nucleus,4,-11.524149894714355,0.49245473742485046
84,ssim_gt,4,32,1000,4,nucleus_confocal,confocal,nucleus,4,-11.524149894714355,0.49245473742485046
85,l1_gt,4,64,2700,0,nucleus_confocal,confocal,nucleus,5,-11.439939498901367,0.5905879735946655
85,lpips_gt,7,64,2000,4,nucleus_confocal,confocal,nucleus,5,-11.439939498901367,0.5905879735946655
85,lpips_gt_rank,8,asc_to512,100,4,nucleus_confocal,confocal,nucleus,5,-11.439939498901367,0.5905879735946655
85,lpips_psnr_gt,8,64,1800,4,nucleus_confocal,confocal,nucleus,5,-11.439939498901367,0.5905879735946655
85,mse_gt,6,asc_to512,1500,4,nucleus_confocal,confocal,nucleus,5,-11.439939498901367,0.5905879735946655
85,psnr_gt,6,asc_to512,1500,4,nucleus_confocal,confocal,nucleus,5,-11.439939498901367,0.5905879735946655
85,psnr_gt_rank,7,512,100,4,nucleus_confocal,confocal,nucleus,5,-11.439939498901367,0.5905879735946655
85,ssim_gt,4,32,900,4,nucleus_confocal,confocal,nucleus,5,-11.439939498901367,0.5905879735946655
90,l1_gt,4,32,1100,4,nucleus_confocal,confocal,nucleus,6,-11.399646759033203,0.6221733093261719
90,lpips_gt,6,asc_to512,2200,4,nucleus_confocal,confocal,nucleus,6,-11.399646759033203,0.6221733093261719
90,lpips_gt_rank,8,16,100,0,nucleus_confocal,confocal,nucleus,6,-11.399646759033203,0.6221733093261719
90,lpips_psnr_gt,4,32,1500,4,nucleus_confocal,confocal,nucleus,6,-11.399646759033203,0.6221733093261719
90,mse_gt,4,asc_to512,700,4,nucleus_confocal,confocal,nucleus,6,-11.399646759033203,0.6221733093261719
90,psnr_gt,4,asc_to512,700,4,nucleus_confocal,confocal,nucleus,6,-11.399646759033203,0.6221733093261719
90,psnr_gt_rank,7,512,100,0,nucleus_confocal,confocal,nucleus,6,-11.399646759033203,0.6221733093261719
90,ssim_gt,4,32,1000,4,nucleus_confocal,confocal,nucleus,6,-11.399646759033203,0.6221733093261719
93,l1_gt,4,64,2900,0,nucleus_confocal,confocal,nucleus,7,-11.342429161071777,0.6640712022781372
93,lpips_gt,7,32,1900,4,nucleus_confocal,confocal,nucleus,7,-11.342429161071777,0.6640712022781372
93,lpips_gt_rank,8,512,100,4,nucleus_confocal,confocal,nucleus,7,-11.342429161071777,0.6640712022781372
93,lpips_psnr_gt,6,asc_to512,2100,4,nucleus_confocal,confocal,nucleus,7,-11.342429161071777,0.6640712022781372
93,mse_gt,4,64,800,4,nucleus_confocal,confocal,nucleus,7,-11.342429161071777,0.6640712022781372
93,psnr_gt,4,64,800,4,nucleus_confocal,confocal,nucleus,7,-11.342429161071777,0.6640712022781372
93,psnr_gt_rank,7,512,100,0,nucleus_confocal,confocal,nucleus,7,-11.342429161071777,0.6640712022781372
93,ssim_gt,4,32,1100,4,nucleus_confocal,confocal,nucleus,7,-11.342429161071777,0.6640712022781372
94,l1_gt,4,64,2900,0,nucleus_confocal,confocal,nucleus,8,-11.410757064819336,0.38849812746047974
94,lpips_gt,8,64,2300,4,nucleus_confocal,confocal,nucleus,8,-11.410757064819336,0.38849812746047974
94,lpips_gt_rank,8,16,100,0,nucleus_confocal,confocal,nucleus,8,-11.410757064819336,0.38849812746047974
94,lpips_psnr_gt,8,64,1800,4,nucleus_confocal,confocal,nucleus,8,-11.410757064819336,0.38849812746047974
94,mse_gt,5,asc_to512,800,4,nucleus_confocal,confocal,nucleus,8,-11.410757064819336,0.38849812746047974
94,psnr_gt,5,asc_to512,800,4,nucleus_confocal,confocal,nucleus,8,-11.410757064819336,0.38849812746047974
94,psnr_gt_rank,8,512,100,0,nucleus_confocal,confocal,nucleus,8,-11.410757064819336,0.38849812746047974
94,ssim_gt,4,32,900,4,nucleus_confocal,confocal,nucleus,8,-11.410757064819336,0.38849812746047974
140,l1_gt,4,64,2900,0,nucleus_confocal,confocal,nucleus,9,-1.3429863452911377,2.6187052726745605
140,lpips_gt,8,64,1900,4,nucleus_confocal,confocal,nucleus,9,-1.3429863452911377,2.6187052726745605
140,lpips_gt_rank,5,512,200,0,nucleus_confocal,confocal,nucleus,9,-1.3429863452911377,2.6187052726745605
140,lpips_psnr_gt,7,64,1500,4,nucleus_confocal,confocal,nucleus,9,-1.3429863452911377,2.6187052726745605
140,mse_gt,7,64,1000,4,nucleus_confocal,confocal,nucleus,9,-1.3429863452911377,2.6187052726745605
140,psnr_gt,7,64,1000,4,nucleus_confocal,confocal,nucleus,9,-1.3429863452911377,2.6187052726745605
140,psnr_gt_rank,8,512,200,4,nucleus_confocal,confocal,nucleus,9,-1.3429863452911377,2.6187052726745605
140,ssim_gt,4,32,1100,4,nucleus_confocal,confocal,nucleus,9,-1.3429863452911377,2.6187052726745605
611,l1_gt,4,64,2800,0,nucleus_confocal,confocal,nucleus,10,-1.2255470752716064,1.455080509185791
611,lpips_gt,8,64,2000,4,nucleus_confocal,confocal,nucleus,10,-1.2255470752716064,1.455080509185791
611,lpips_gt_rank,6,32,100,4,nucleus_confocal,confocal,nucleus,10,-1.2255470752716064,1.455080509185791
611,lpips_psnr_gt,4,32,1400,4,nucleus_confocal,confocal,nucleus,10,-1.2255470752716064,1.455080509185791
611,mse_gt,4,asc_to512,900,4,nucleus_confocal,confocal,nucleus,10,-1.2255470752716064,1.455080509185791
611,psnr_gt,4,asc_to512,900,4,nucleus_confocal,confocal,nucleus,10,-1.2255470752716064,1.455080509185791
611,psnr_gt_rank,7,512,100,0,nucleus_confocal,confocal,nucleus,10,-1.2255470752716064,1.455080509185791
611,ssim_gt,5,32,2900,4,nucleus_confocal,confocal,nucleus,10,-1.2255470752716064,1.455080509185791
631,l1_gt,4,64,2900,0,nucleus_confocal,confocal,nucleus,11,-1.2537345886230469,1.393530249595642
631,lpips_gt,7,32,2000,4,nucleus_confocal,confocal,nucleus,11,-1.2537345886230469,1.393530249595642
631,lpips_gt_rank,6,16,100,4,nucleus_confocal,confocal,nucleus,11,-1.2537345886230469,1.393530249595642
631,lpips_psnr_gt,5,32,1300,4,nucleus_confocal,confocal,nucleus,11,-1.2537345886230469,1.393530249595642
631,mse_gt,4,asc_to512,1200,4,nucleus_confocal,confocal,nucleus,11,-1.2537345886230469,1.393530249595642
631,psnr_gt,4,asc_to512,1200,4,nucleus_confocal,confocal,nucleus,11,-1.2537345886230469,1.393530249595642
631,psnr_gt_rank,8,512,100,0,nucleus_confocal,confocal,nucleus,11,-1.2537345886230469,1.393530249595642
631,ssim_gt,4,64,2900,0,nucleus_confocal,confocal,nucleus,11,-1.2537345886230469,1.393530249595642
644,l1_gt,4,64,2900,0,nucleus_confocal,confocal,nucleus,12,-1.2324174642562866,1.3887513875961304
644,lpips_gt,7,64,1500,4,nucleus_confocal,confocal,nucleus,12,-1.2324174642562866,1.3887513875961304
644,lpips_gt_rank,5,512,100,4,nucleus_confocal,confocal,nucleus,12,-1.2324174642562866,1.3887513875961304
644,lpips_psnr_gt,5,64,1200,4,nucleus_confocal,confocal,nucleus,12,-1.2324174642562866,1.3887513875961304
644,mse_gt,4,32,800,4,nucleus_confocal,confocal,nucleus,12,-1.2324174642562866,1.3887513875961304
644,psnr_gt,4,32,800,4,nucleus_confocal,confocal,nucleus,12,-1.2324174642562866,1.3887513875961304
644,psnr_gt_rank,6,512,100,4,nucleus_confocal,confocal,nucleus,12,-1.2324174642562866,1.3887513875961304
644,ssim_gt,4,64,2900,0,nucleus_confocal,confocal,nucleus,12,-1.2324174642562866,1.3887513875961304
803,l1_gt,4,64,2300,0,nucleus_confocal,confocal,nucleus,13,-3.850339412689209,2.0245113372802734
803,lpips_gt,8,128,2100,4,nucleus_confocal,confocal,nucleus,13,-3.850339412689209,2.0245113372802734
803,lpips_gt_rank,7,16,100,0,nucleus_confocal,confocal,nucleus,13,-3.850339412689209,2.0245113372802734
803,lpips_psnr_gt,5,16,1600,4,nucleus_confocal,confocal,nucleus,13,-3.850339412689209,2.0245113372802734
803,mse_gt,5,32,900,4,nucleus_confocal,confocal,nucleus,13,-3.850339412689209,2.0245113372802734
803,psnr_gt,5,32,900,4,nucleus_confocal,confocal,nucleus,13,-3.850339412689209,2.0245113372802734
803,psnr_gt_rank,7,512,100,0,nucleus_confocal,confocal,nucleus,13,-3.850339412689209,2.0245113372802734
803,ssim_gt,4,32,900,4,nucleus_confocal,confocal,nucleus,13,-3.850339412689209,2.0245113372802734
809,l1_gt,4,64,2900,0,nucleus_confocal,confocal,nucleus,14,-3.7991693019866943,1.9724208116531372
809,lpips_gt,7,32,2400,4,nucleus_confocal,confocal,nucleus,14,-3.7991693019866943,1.9724208116531372
809,lpips_gt_rank,8,16,100,0,nucleus_confocal,confocal,nucleus,14,-3.7991693019866943,1.9724208116531372
809,lpips_psnr_gt,4,asc_to512,1400,4,nucleus_confocal,confocal,nucleus,14,-3.7991693019866943,1.9724208116531372
809,mse_gt,4,asc_to512,600,4,nucleus_confocal,confocal,nucleus,14,-3.7991693019866943,1.9724208116531372
809,psnr_gt,4,asc_to512,600,4,nucleus_confocal,confocal,nucleus,14,-3.7991693019866943,1.9724208116531372
809,psnr_gt_rank,6,512,100,4,nucleus_confocal,confocal,nucleus,14,-3.7991693019866943,1.9724208116531372
809,ssim_gt,4,asc_to512,900,4,nucleus_confocal,confocal,nucleus,14,-3.7991693019866943,1.9724208116531372
812,l1_gt,4,32,1100,4,nucleus_confocal,confocal,nucleus,15,-3.7941551208496094,1.9542288780212402
812,lpips_gt,8,512,2700,4,nucleus_confocal,confocal,nucleus,15,-3.7941551208496094,1.9542288780212402
812,lpips_gt_rank,8,16,100,0,nucleus_confocal,confocal,nucleus,15,-3.7941551208496094,1.9542288780212402
812,lpips_psnr_gt,5,16,2200,4,nucleus_confocal,confocal,nucleus,15,-3.7941551208496094,1.9542288780212402
812,mse_gt,4,32,700,4,nucleus_confocal,confocal,nucleus,15,-3.7941551208496094,1.9542288780212402
812,psnr_gt,4,32,700,4,nucleus_confocal,confocal,nucleus,15,-3.7941551208496094,1.9542288780212402
812,psnr_gt_rank,8,512,100,0,nucleus_confocal,confocal,nucleus,15,-3.7941551208496094,1.9542288780212402
812,ssim_gt,4,32,1100,4,nucleus_confocal,confocal,nucleus,15,-3.7941551208496094,1.9542288780212402
843,l1_gt,4,64,2900,0,nucleus_confocal,confocal,nucleus,16,-3.787935495376587,1.9609527587890625
843,lpips_gt,8,512,2400,4,nucleus_confocal,confocal,nucleus,16,-3.787935495376587,1.9609527587890625
843,lpips_gt_rank,8,16,100,0,nucleus_confocal,confocal,nucleus,16,-3.787935495376587,1.9609527587890625
843,lpips_psnr_gt,5,16,1600,4,nucleus_confocal,confocal,nucleus,16,-3.787935495376587,1.9609527587890625
843,mse_gt,4,32,600,4,nucleus_confocal,confocal,nucleus,16,-3.787935495376587,1.9609527587890625
843,psnr_gt,4,32,600,4,nucleus_confocal,confocal,nucleus,16,-3.787935495376587,1.9609527587890625
843,psnr_gt_rank,8,512,200,0,nucleus_confocal,confocal,nucleus,16,-3.787935495376587,1.9609527587890625
843,ssim_gt,5,16,1100,4,nucleus_confocal,confocal,nucleus,16,-3.787935495376587,1.9609527587890625
4021,l1_gt,4,64,2900,0,nucleus_confocal,confocal,nucleus,17,-11.547330856323242,0.4713621437549591
4021,lpips_gt,8,128,1200,4,nucleus_confocal,confocal,nucleus,17,-11.547330856323242,0.4713621437549591
4021,lpips_gt_rank,8,512,100,0,nucleus_confocal,confocal,nucleus,17,-11.547330856323242,0.4713621437549591
4021,lpips_psnr_gt,5,asc_to512,800,4,nucleus_confocal,confocal,nucleus,17,-11.547330856323242,0.4713621437549591
4021,mse_gt,4,16,700,4,nucleus_confocal,confocal,nucleus,17,-11.547330856323242,0.4713621437549591
4021,psnr_gt,4,16,700,4,nucleus_confocal,confocal,nucleus,17,-11.547330856323242,0.4713621437549591
4021,psnr_gt_rank,8,512,100,4,nucleus_confocal,confocal,nucleus,17,-11.547330856323242,0.4713621437549591
4021,ssim_gt,4,64,2800,0,nucleus_confocal,confocal,nucleus,17,-11.547330856323242,0.4713621437549591
4033,l1_gt,4,64,2700,0,nucleus_confocal,confocal,nucleus,18,-11.60013484954834,0.505492627620697
4033,lpips_gt,8,32,1600,4,nucleus_confocal,confocal,nucleus,18,-11.60013484954834,0.505492627620697
4033,lpips_gt_rank,8,32,100,0,nucleus_confocal,confocal,nucleus,18,-11.60013484954834,0.505492627620697
4033,lpips_psnr_gt,4,32,800,4,nucleus_confocal,confocal,nucleus,18,-11.60013484954834,0.505492627620697
4033,mse_gt,6,64,600,4,nucleus_confocal,confocal,nucleus,18,-11.60013484954834,0.505492627620697
4033,psnr_gt,6,64,600,4,nucleus_confocal,confocal,nucleus,18,-11.60013484954834,0.505492627620697
4033,psnr_gt_rank,7,512,100,4,nucleus_confocal,confocal,nucleus,18,-11.60013484954834,0.505492627620697
4033,ssim_gt,4,64,2900,0,nucleus_confocal,confocal,nucleus,18,-11.60013484954834,0.505492627620697
4149,l1_gt,4,64,1800,0,nucleus_confocal,confocal,nucleus,19,-2.5052733421325684,1.7269716262817383
4149,lpips_gt,8,16,1300,4,nucleus_confocal,confocal,nucleus,19,-2.5052733421325684,1.7269716262817383
4149,lpips_gt_rank,8,asc_to512,100,0,nucleus_confocal,confocal,nucleus,19,-2.5052733421325684,1.7269716262817383
4149,lpips_psnr_gt,8,16,1300,4,nucleus_confocal,confocal,nucleus,19,-2.5052733421325684,1.7269716262817383
4149,mse_gt,4,64,2800,0,nucleus_confocal,confocal,nucleus,19,-2.5052733421325684,1.7269716262817383
4149,psnr_gt,4,64,2800,0,nucleus_confocal,confocal,nucleus,19,-2.5052733421325684,1.7269716262817383
4149,psnr_gt_rank,8,asc_to512,100,4,nucleus_confocal,confocal,nucleus,19,-2.5052733421325684,1.7269716262817383
4149,ssim_gt,4,64,2800,0,nucleus_confocal,confocal,nucleus,19,-2.5052733421325684,1.7269716262817383
5203,l1_gt,6,512,2100,4,actin_confocal,confocal,actin,20,-1.1158164739608765,-3.2834224700927734
5203,lpips_gt,6,512,2100,4,actin_confocal,confocal,actin,20,-1.1158164739608765,-3.2834224700927734
5203,lpips_gt_rank,5,256,100,0,actin_confocal,confocal,actin,20,-1.1158164739608765,-3.2834224700927734
5203,lpips_psnr_gt,6,512,2100,4,actin_confocal,confocal,actin,20,-1.1158164739608765,-3.2834224700927734
5203,mse_gt,5,256,1100,4,actin_confocal,confocal,actin,20,-1.1158164739608765,-3.2834224700927734
5203,psnr_gt,5,256,1100,4,actin_confocal,confocal,actin,20,-1.1158164739608765,-3.2834224700927734
5203,psnr_gt_rank,7,512,100,4,actin_confocal,confocal,actin,20,-1.1158164739608765,-3.2834224700927734
5203,ssim_gt,6,512,1700,4,actin_confocal,confocal,actin,20,-1.1158164739608765,-3.2834224700927734
5433,l1_gt,6,256,1400,4,actin_confocal,confocal,actin,21,-0.1877753734588623,-5.908382892608643
5433,lpips_gt,7,512,2300,4,actin_confocal,confocal,actin,21,-0.1877753734588623,-5.908382892608643
5433,lpips_gt_rank,4,512,100,0,actin_confocal,confocal,actin,21,-0.1877753734588623,-5.908382892608643
5433,lpips_psnr_gt,6,128,1400,4,actin_confocal,confocal,actin,21,-0.1877753734588623,-5.908382892608643
5433,mse_gt,6,128,1400,4,actin_confocal,confocal,actin,21,-0.1877753734588623,-5.908382892608643
5433,psnr_gt,6,128,1400,4,actin_confocal,confocal,actin,21,-0.1877753734588623,-5.908382892608643
5433,psnr_gt_rank,8,asc_to512,100,4,actin_confocal,confocal,actin,21,-0.1877753734588623,-5.908382892608643
5433,ssim_gt,7,128,1800,4,actin_confocal,confocal,actin,21,-0.1877753734588623,-5.908382892608643
5450,l1_gt,5,256,1600,4,actin_confocal,confocal,actin,22,-0.1864343285560608,-5.909233570098877
5450,lpips_gt,7,128,2300,4,actin_confocal,confocal,actin,22,-0.1864343285560608,-5.909233570098877
5450,lpips_gt_rank,6,256,300,0,actin_confocal,confocal,actin,22,-0.1864343285560608,-5.909233570098877
5450,lpips_psnr_gt,7,512,2900,4,actin_confocal,confocal,actin,22,-0.1864343285560608,-5.909233570098877
5450,mse_gt,4,128,1200,4,actin_confocal,confocal,actin,22,-0.1864343285560608,-5.909233570098877
5450,psnr_gt,4,128,1200,4,actin_confocal,confocal,actin,22,-0.1864343285560608,-5.909233570098877
5450,psnr_gt_rank,8,512,100,0,actin_confocal,confocal,actin,22,-0.1864343285560608,-5.909233570098877
5450,ssim_gt,5,256,1600,4,actin_confocal,confocal,actin,22,-0.1864343285560608,-5.909233570098877
5516,l1_gt,7,512,2100,4,actin_confocal,confocal,actin,23,0.8813834190368652,-3.21077299118042
5516,lpips_gt,5,256,1600,4,actin_confocal,confocal,actin,23,0.8813834190368652,-3.21077299118042
5516,lpips_gt_rank,5,128,100,0,actin_confocal,confocal,actin,23,0.8813834190368652,-3.21077299118042
5516,lpips_psnr_gt,5,256,1600,4,actin_confocal,confocal,actin,23,0.8813834190368652,-3.21077299118042
5516,mse_gt,7,512,2100,4,actin_confocal,confocal,actin,23,0.8813834190368652,-3.21077299118042
5516,psnr_gt,7,512,2100,4,actin_confocal,confocal,actin,23,0.8813834190368652,-3.21077299118042
5516,psnr_gt_rank,8,asc_to512,100,4,actin_confocal,confocal,actin,23,0.8813834190368652,-3.21077299118042
5516,ssim_gt,6,512,2700,4,actin_confocal,confocal,actin,23,0.8813834190368652,-3.21077299118042
5728,l1_gt,4,512,1800,4,actin_confocal,confocal,actin,24,-2.546130657196045,-3.6696643829345703
5728,lpips_gt,5,256,1700,4,actin_confocal,confocal,actin,24,-2.546130657196045,-3.6696643829345703
5728,lpips_gt_rank,6,128,100,0,actin_confocal,confocal,actin,24,-2.546130657196045,-3.6696643829345703
5728,lpips_psnr_gt,4,512,1800,4,actin_confocal,confocal,actin,24,-2.546130657196045,-3.6696643829345703
5728,mse_gt,5,256,1000,4,actin_confocal,confocal,actin,24,-2.546130657196045,-3.6696643829345703
5728,psnr_gt,5,256,1000,4,actin_confocal,confocal,actin,24,-2.546130657196045,-3.6696643829345703
5728,psnr_gt_rank,7,512,600,0,actin_confocal,confocal,actin,24,-2.546130657196045,-3.6696643829345703
5728,ssim_gt,5,512,1800,4,actin_confocal,confocal,actin,24,-2.546130657196045,-3.6696643829345703
9211,l1_gt,4,asc_to512,2900,0,actin_confocal,confocal,actin,25,-1.1345731019973755,-3.27864670753479
9211,lpips_gt,7,512,1500,4,actin_confocal,confocal,actin,25,-1.1345731019973755,-3.27864670753479
9211,lpips_gt_rank,5,256,100,0,actin_confocal,confocal,actin,25,-1.1345731019973755,-3.27864670753479
9211,lpips_psnr_gt,4,asc_to512,2900,0,actin_confocal,confocal,actin,25,-1.1345731019973755,-3.27864670753479
9211,mse_gt,4,asc_to512,2900,0,actin_confocal,confocal,actin,25,-1.1345731019973755,-3.27864670753479
9211,psnr_gt,4,asc_to512,2900,0,actin_confocal,confocal,actin,25,-1.1345731019973755,-3.27864670753479
9211,psnr_gt_rank,8,512,100,4,actin_confocal,confocal,actin,25,-1.1345731019973755,-3.27864670753479
9211,ssim_gt,4,asc_to512,2900,0,actin_confocal,confocal,actin,25,-1.1345731019973755,-3.27864670753479
9227,l1_gt,4,asc_to512,2800,0,actin_confocal,confocal,actin,26,-1.1392314434051514,-3.2929306030273438
9227,lpips_gt,4,64,2900,0,actin_confocal,confocal,actin,26,-1.1392314434051514,-3.2929306030273438
9227,lpips_gt_rank,7,64,100,0,actin_confocal,confocal,actin,26,-1.1392314434051514,-3.2929306030273438
9227,lpips_psnr_gt,4,64,2800,0,actin_confocal,confocal,actin,26,-1.1392314434051514,-3.2929306030273438
9227,mse_gt,4,asc_to512,2800,0,actin_confocal,confocal,actin,26,-1.1392314434051514,-3.2929306030273438
9227,psnr_gt,4,asc_to512,2800,0,actin_confocal,confocal,actin,26,-1.1392314434051514,-3.2929306030273438
9227,psnr_gt_rank,8,512,100,4,actin_confocal,confocal,actin,26,-1.1392314434051514,-3.2929306030273438
9227,ssim_gt,6,256,1400,4,actin_confocal,confocal,actin,26,-1.1392314434051514,-3.2929306030273438
9418,l1_gt,4,64,800,4,actin_confocal,confocal,actin,27,-1.6521025896072388,-1.9330570697784424
9418,lpips_gt,6,256,1300,4,actin_confocal,confocal,actin,27,-1.6521025896072388,-1.9330570697784424
9418,lpips_gt_rank,4,512,100,0,actin_confocal,confocal,actin,27,-1.6521025896072388,-1.9330570697784424
9418,lpips_psnr_gt,6,256,1200,4,actin_confocal,confocal,actin,27,-1.6521025896072388,-1.9330570697784424
9418,mse_gt,5,128,700,4,actin_confocal,confocal,actin,27,-1.6521025896072388,-1.9330570697784424
9418,psnr_gt,5,128,700,4,actin_confocal,confocal,actin,27,-1.6521025896072388,-1.9330570697784424
9418,psnr_gt_rank,8,512,100,0,actin_confocal,confocal,actin,27,-1.6521025896072388,-1.9330570697784424
9418,ssim_gt,4,64,800,4,actin_confocal,confocal,actin,27,-1.6521025896072388,-1.9330570697784424
9449,l1_gt,4,128,700,4,actin_confocal,confocal,actin,28,-0.1898580640554428,-5.908575057983398
9449,lpips_gt,7,512,2200,4,actin_confocal,confocal,actin,28,-0.1898580640554428,-5.908575057983398
9449,lpips_gt_rank,4,256,100,0,actin_confocal,confocal,actin,28,-0.1898580640554428,-5.908575057983398
9449,lpips_psnr_gt,4,128,700,4,actin_confocal,confocal,actin,28,-0.1898580640554428,-5.908575057983398
9449,mse_gt,4,128,700,4,actin_confocal,confocal,actin,28,-0.1898580640554428,-5.908575057983398
9449,psnr_gt,4,128,700,4,actin_confocal,confocal,actin,28,-0.1898580640554428,-5.908575057983398
9449,psnr_gt_rank,8,asc_to512,100,4,actin_confocal,confocal,actin,28,-0.1898580640554428,-5.908575057983398
9449,ssim_gt,4,64,2800,0,actin_confocal,confocal,actin,28,-0.1898580640554428,-5.908575057983398
9484,l1_gt,5,128,1400,4,actin_confocal,confocal,actin,29,-0.17610564827919006,-5.918085098266602
9484,lpips_gt,7,512,1900,4,actin_confocal,confocal,actin,29,-0.17610564827919006,-5.918085098266602
9484,lpips_gt_rank,4,128,100,0,actin_confocal,confocal,actin,29,-0.17610564827919006,-5.918085098266602
9484,lpips_psnr_gt,5,128,1400,4,actin_confocal,confocal,actin,29,-0.17610564827919006,-5.918085098266602
9484,mse_gt,5,128,1400,4,actin_confocal,confocal,actin,29,-0.17610564827919006,-5.918085098266602
9484,psnr_gt,5,128,1400,4,actin_confocal,confocal,actin,29,-0.17610564827919006,-5.918085098266602
9484,psnr_gt_rank,8,asc_to512,100,4,actin_confocal,confocal,actin,29,-0.17610564827919006,-5.918085098266602
9484,ssim_gt,5,128,1400,4,actin_confocal,confocal,actin,29,-0.17610564827919006,-5.918085098266602
10317,l1_gt,4,128,1500,4,mito_confocal,confocal,mito,30,-0.7116400003433228,-0.3148127794265747
10317,lpips_gt,4,128,1500,4,mito_confocal,confocal,mito,30,-0.7116400003433228,-0.3148127794265747
10317,lpips_gt_rank,5,256,200,0,mito_confocal,confocal,mito,30,-0.7116400003433228,-0.3148127794265747
10317,lpips_psnr_gt,4,128,1500,4,mito_confocal,confocal,mito,30,-0.7116400003433228,-0.3148127794265747
10317,mse_gt,4,128,1500,4,mito_confocal,confocal,mito,30,-0.7116400003433228,-0.3148127794265747
10317,psnr_gt,4,128,1500,4,mito_confocal,confocal,mito,30,-0.7116400003433228,-0.3148127794265747
10317,psnr_gt_rank,8,512,500,0,mito_confocal,confocal,mito,30,-0.7116400003433228,-0.3148127794265747
10317,ssim_gt,5,128,1900,4,mito_confocal,confocal,mito,30,-0.7116400003433228,-0.3148127794265747
10605,l1_gt,5,256,2300,4,mito_confocal,confocal,mito,31,-1.3297932147979736,-0.03449453413486481
10605,lpips_gt,6,256,2700,4,mito_confocal,confocal,mito,31,-1.3297932147979736,-0.03449453413486481
10605,lpips_gt_rank,4,256,100,0,mito_confocal,confocal,mito,31,-1.3297932147979736,-0.03449453413486481
10605,lpips_psnr_gt,7,512,2800,4,mito_confocal,confocal,mito,31,-1.3297932147979736,-0.03449453413486481
10605,mse_gt,7,512,2800,4,mito_confocal,confocal,mito,31,-1.3297932147979736,-0.03449453413486481
10605,psnr_gt,7,512,2800,4,mito_confocal,confocal,mito,31,-1.3297932147979736,-0.03449453413486481
10605,psnr_gt_rank,8,asc_to512,100,4,mito_confocal,confocal,mito,31,-1.3297932147979736,-0.03449453413486481
10605,ssim_gt,5,256,2200,4,mito_confocal,confocal,mito,31,-1.3297932147979736,-0.03449453413486481
10607,l1_gt,4,32,2100,4,mito_confocal,confocal,mito,32,-1.3244980573654175,-0.03036598674952984
10607,lpips_gt,5,64,1900,4,mito_confocal,confocal,mito,32,-1.3244980573654175,-0.03036598674952984
10607,lpips_gt_rank,4,asc_to512,100,4,mito_confocal,confocal,mito,32,-1.3244980573654175,-0.03036598674952984
10607,lpips_psnr_gt,5,256,2400,4,mito_confocal,confocal,mito,32,-1.3244980573654175,-0.03036598674952984
10607,mse_gt,5,256,2400,4,mito_confocal,confocal,mito,32,-1.3244980573654175,-0.03036598674952984
10607,psnr_gt,5,256,2400,4,mito_confocal,confocal,mito,32,-1.3244980573654175,-0.03036598674952984
10607,psnr_gt_rank,8,asc_to512,100,4,mito_confocal,confocal,mito,32,-1.3244980573654175,-0.03036598674952984
10607,ssim_gt,4,32,2200,4,mito_confocal,confocal,mito,32,-1.3244980573654175,-0.03036598674952984
10621,l1_gt,4,asc_to512,2500,4,mito_confocal,confocal,mito,33,-1.305694341659546,-0.02742321789264679
10621,lpips_gt,6,512,2500,4,mito_confocal,confocal,mito,33,-1.305694341659546,-0.02742321789264679
10621,lpips_gt_rank,4,512,100,4,mito_confocal,confocal,mito,33,-1.305694341659546,-0.02742321789264679
10621,lpips_psnr_gt,4,asc_to512,2600,4,mito_confocal,confocal,mito,33,-1.305694341659546,-0.02742321789264679
10621,mse_gt,4,asc_to512,2500,4,mito_confocal,confocal,mito,33,-1.305694341659546,-0.02742321789264679
10621,psnr_gt,4,asc_to512,2500,4,mito_confocal,confocal,mito,33,-1.305694341659546,-0.02742321789264679
10621,psnr_gt_rank,8,asc_to512,100,4,mito_confocal,confocal,mito,33,-1.305694341659546,-0.02742321789264679
10621,ssim_gt,4,asc_to512,2800,4,mito_confocal,confocal,mito,33,-1.305694341659546,-0.02742321789264679
14317,l1_gt,7,512,1800,4,mito_confocal,confocal,mito,34,-0.701724648475647,-0.24904970824718475
14317,lpips_gt,7,512,2300,4,mito_confocal,confocal,mito,34,-0.701724648475647,-0.24904970824718475
14317,lpips_gt_rank,4,256,100,0,mito_confocal,confocal,mito,34,-0.701724648475647,-0.24904970824718475
14317,lpips_psnr_gt,7,512,1800,4,mito_confocal,confocal,mito,34,-0.701724648475647,-0.24904970824718475
14317,mse_gt,7,512,1800,4,mito_confocal,confocal,mito,34,-0.701724648475647,-0.24904970824718475
14317,psnr_gt,7,512,1800,4,mito_confocal,confocal,mito,34,-0.701724648475647,-0.24904970824718475
14317,psnr_gt_rank,7,512,100,0,mito_confocal,confocal,mito,34,-0.701724648475647,-0.24904970824718475
14317,ssim_gt,4,32,1100,4,mito_confocal,confocal,mito,34,-0.701724648475647,-0.24904970824718475
14332,l1_gt,4,64,1000,4,mito_confocal,confocal,mito,35,-0.7122360467910767,-0.3137376308441162
14332,lpips_gt,4,asc_to512,1200,4,mito_confocal,confocal,mito,35,-0.7122360467910767,-0.3137376308441162
14332,lpips_gt_rank,4,512,100,0,mito_confocal,confocal,mito,35,-0.7122360467910767,-0.3137376308441162
14332,lpips_psnr_gt,4,asc_to512,1400,4,mito_confocal,confocal,mito,35,-0.7122360467910767,-0.3137376308441162
14332,mse_gt,5,128,900,4,mito_confocal,confocal,mito,35,-0.7122360467910767,-0.3137376308441162
14332,psnr_gt,5,128,900,4,mito_confocal,confocal,mito,35,-0.7122360467910767,-0.3137376308441162
14332,psnr_gt_rank,5,512,100,0,mito_confocal,confocal,mito,35,-0.7122360467910767,-0.3137376308441162
14332,ssim_gt,4,64,1000,4,mito_confocal,confocal,mito,35,-0.7122360467910767,-0.3137376308441162
14335,l1_gt,6,256,1400,4,mito_confocal,confocal,mito,36,-0.732831597328186,-0.32081520557403564
14335,lpips_gt,7,128,1600,4,mito_confocal,confocal,mito,36,-0.732831597328186,-0.32081520557403564
14335,lpips_gt_rank,4,256,100,0,mito_confocal,confocal,mito,36,-0.732831597328186,-0.32081520557403564
14335,lpips_psnr_gt,6,256,1400,4,mito_confocal,confocal,mito,36,-0.732831597328186,-0.32081520557403564
14335,mse_gt,6,256,1400,4,mito_confocal,confocal,mito,36,-0.732831597328186,-0.32081520557403564
14335,psnr_gt,6,256,1400,4,mito_confocal,confocal,mito,36,-0.732831597328186,-0.32081520557403564
14335,psnr_gt_rank,8,asc_to512,100,4,mito_confocal,confocal,mito,36,-0.732831597328186,-0.32081520557403564
14335,ssim_gt,4,64,1000,4,mito_confocal,confocal,mito,36,-0.732831597328186,-0.32081520557403564
14760,l1_gt,7,512,1900,4,mito_confocal,confocal,mito,37,-3.397221803665161,0.5663740038871765
14760,lpips_gt,5,256,1200,4,mito_confocal,confocal,mito,37,-3.397221803665161,0.5663740038871765
14760,lpips_gt_rank,4,256,100,0,mito_confocal,confocal,mito,37,-3.397221803665161,0.5663740038871765
14760,lpips_psnr_gt,5,256,1200,4,mito_confocal,confocal,mito,37,-3.397221803665161,0.5663740038871765
14760,mse_gt,5,256,700,4,mito_confocal,confocal,mito,37,-3.397221803665161,0.5663740038871765
14760,psnr_gt,5,256,700,4,mito_confocal,confocal,mito,37,-3.397221803665161,0.5663740038871765
14760,psnr_gt_rank,8,asc_to512,100,4,mito_confocal,confocal,mito,37,-3.397221803665161,0.5663740038871765
14760,ssim_gt,6,128,1000,4,mito_confocal,confocal,mito,37,-3.397221803665161,0.5663740038871765
14771,l1_gt,7,512,1500,4,mito_confocal,confocal,mito,38,-3.3933632373809814,0.5635877251625061
14771,lpips_gt,5,512,1200,4,mito_confocal,confocal,mito,38,-3.3933632373809814,0.5635877251625061
14771,lpips_gt_rank,5,128,200,0,mito_confocal,confocal,mito,38,-3.3933632373809814,0.5635877251625061
14771,lpips_psnr_gt,4,256,800,4,mito_confocal,confocal,mito,38,-3.3933632373809814,0.5635877251625061
14771,mse_gt,7,512,1500,4,mito_confocal,confocal,mito,38,-3.3933632373809814,0.5635877251625061
14771,psnr_gt,7,512,1500,4,mito_confocal,confocal,mito,38,-3.3933632373809814,0.5635877251625061
14771,psnr_gt_rank,8,asc_to512,100,4,mito_confocal,confocal,mito,38,-3.3933632373809814,0.5635877251625061
14771,ssim_gt,4,64,800,4,mito_confocal,confocal,mito,38,-3.3933632373809814,0.5635877251625061
14799,l1_gt,5,128,1000,4,mito_confocal,confocal,mito,39,-3.391777992248535,0.5645650625228882
14799,lpips_gt,6,512,1800,4,mito_confocal,confocal,mito,39,-3.391777992248535,0.5645650625228882
14799,lpips_gt_rank,4,512,200,0,mito_confocal,confocal,mito,39,-3.391777992248535,0.5645650625228882
14799,lpips_psnr_gt,6,512,1800,4,mito_confocal,confocal,mito,39,-3.391777992248535,0.5645650625228882
14799,mse_gt,5,128,1000,4,mito_confocal,confocal,mito,39,-3.391777992248535,0.5645650625228882
14799,psnr_gt,5,128,1000,4,mito_confocal,confocal,mito,39,-3.391777992248535,0.5645650625228882
14799,psnr_gt_rank,6,512,100,4,mito_confocal,confocal,mito,39,-3.391777992248535,0.5645650625228882
14799,ssim_gt,4,64,1000,4,mito_confocal,confocal,mito,39,-3.391777992248535,0.5645650625228882
25148,l1_gt,8,256,800,4,nucleus_twophoton,twophoton,nucleus,40,-0.8518608808517456,-2.9538321495056152
25148,lpips_gt,8,256,1800,4,nucleus_twophoton,twophoton,nucleus,40,-0.8518608808517456,-2.9538321495056152
25148,lpips_gt_rank,8,512,100,0,nucleus_twophoton,twophoton,nucleus,40,-0.8518608808517456,-2.9538321495056152
25148,lpips_psnr_gt,8,256,1500,4,nucleus_twophoton,twophoton,nucleus,40,-0.8518608808517456,-2.9538321495056152
25148,mse_gt,8,64,600,4,nucleus_twophoton,twophoton,nucleus,40,-0.8518608808517456,-2.9538321495056152
25148,psnr_gt,8,64,600,4,nucleus_twophoton,twophoton,nucleus,40,-0.8518608808517456,-2.9538321495056152
25148,psnr_gt_rank,8,512,100,0,nucleus_twophoton,twophoton,nucleus,40,-0.8518608808517456,-2.9538321495056152
25148,ssim_gt,4,asc_to512,2900,0,nucleus_twophoton,twophoton,nucleus,40,-0.8518608808517456,-2.9538321495056152
25191,l1_gt,5,128,2300,0,nucleus_twophoton,twophoton,nucleus,41,-0.839336097240448,-0.9865919947624207
25191,lpips_gt,8,32,2100,4,nucleus_twophoton,twophoton,nucleus,41,-0.839336097240448,-0.9865919947624207
25191,lpips_gt_rank,4,512,2600,4,nucleus_twophoton,twophoton,nucleus,41,-0.839336097240448,-0.9865919947624207
25191,lpips_psnr_gt,8,16,1900,4,nucleus_twophoton,twophoton,nucleus,41,-0.839336097240448,-0.9865919947624207
25191,mse_gt,4,64,2500,0,nucleus_twophoton,twophoton,nucleus,41,-0.839336097240448,-0.9865919947624207
25191,psnr_gt,4,64,2500,0,nucleus_twophoton,twophoton,nucleus,41,-0.839336097240448,-0.9865919947624207
25191,psnr_gt_rank,8,512,100,0,nucleus_twophoton,twophoton,nucleus,41,-0.839336097240448,-0.9865919947624207
25191,ssim_gt,4,asc_to512,2900,0,nucleus_twophoton,twophoton,nucleus,41,-0.839336097240448,-0.9865919947624207
25538,l1_gt,6,128,700,4,nucleus_twophoton,twophoton,nucleus,42,-1.5058908462524414,-1.841480016708374
25538,lpips_gt,8,512,1900,4,nucleus_twophoton,twophoton,nucleus,42,-1.5058908462524414,-1.841480016708374
25538,lpips_gt_rank,8,512,100,0,nucleus_twophoton,twophoton,nucleus,42,-1.5058908462524414,-1.841480016708374
25538,lpips_psnr_gt,8,512,2100,4,nucleus_twophoton,twophoton,nucleus,42,-1.5058908462524414,-1.841480016708374
25538,mse_gt,8,512,2100,4,nucleus_twophoton,twophoton,nucleus,42,-1.5058908462524414,-1.841480016708374
25538,psnr_gt,8,512,2100,4,nucleus_twophoton,twophoton,nucleus,42,-1.5058908462524414,-1.841480016708374
25538,psnr_gt_rank,7,512,100,0,nucleus_twophoton,twophoton,nucleus,42,-1.5058908462524414,-1.841480016708374
25538,ssim_gt,4,64,400,4,nucleus_twophoton,twophoton,nucleus,42,-1.5058908462524414,-1.841480016708374
25552,l1_gt,5,512,2900,0,nucleus_twophoton,twophoton,nucleus,43,-4.975694179534912,-3.0803213119506836
25552,lpips_gt,8,512,2000,4,nucleus_twophoton,twophoton,nucleus,43,-4.975694179534912,-3.0803213119506836
25552,lpips_gt_rank,8,16,100,0,nucleus_twophoton,twophoton,nucleus,43,-4.975694179534912,-3.0803213119506836
25552,lpips_psnr_gt,7,128,1200,4,nucleus_twophoton,twophoton,nucleus,43,-4.975694179534912,-3.0803213119506836
25552,mse_gt,8,32,1300,4,nucleus_twophoton,twophoton,nucleus,43,-4.975694179534912,-3.0803213119506836
25552,psnr_gt,8,32,1300,4,nucleus_twophoton,twophoton,nucleus,43,-4.975694179534912,-3.0803213119506836
25552,psnr_gt_rank,8,512,100,0,nucleus_twophoton,twophoton,nucleus,43,-4.975694179534912,-3.0803213119506836
25552,ssim_gt,5,asc_to512,400,4,nucleus_twophoton,twophoton,nucleus,43,-4.975694179534912,-3.0803213119506836
25567,l1_gt,4,128,2900,0,nucleus_twophoton,twophoton,nucleus,44,-4.959712982177734,-3.070493698120117
25567,lpips_gt,8,64,1400,4,nucleus_twophoton,twophoton,nucleus,44,-4.959712982177734,-3.070493698120117
25567,lpips_gt_rank,8,512,100,0,nucleus_twophoton,twophoton,nucleus,44,-4.959712982177734,-3.070493698120117
25567,lpips_psnr_gt,8,64,1100,4,nucleus_twophoton,twophoton,nucleus,44,-4.959712982177734,-3.070493698120117
25567,mse_gt,4,64,2900,0,nucleus_twophoton,twophoton,nucleus,44,-4.959712982177734,-3.070493698120117
25567,psnr_gt,4,64,2900,0,nucleus_twophoton,twophoton,nucleus,44,-4.959712982177734,-3.070493698120117
25567,psnr_gt_rank,8,512,100,0,nucleus_twophoton,twophoton,nucleus,44,-4.959712982177734,-3.070493698120117
25567,ssim_gt,4,64,2700,0,nucleus_twophoton,twophoton,nucleus,44,-4.959712982177734,-3.070493698120117
25570,l1_gt,5,256,1900,0,nucleus_twophoton,twophoton,nucleus,45,-4.95758056640625,-3.0638442039489746
25570,lpips_gt,8,512,1800,4,nucleus_twophoton,twophoton,nucleus,45,-4.95758056640625,-3.0638442039489746
25570,lpips_gt_rank,8,256,100,0,nucleus_twophoton,twophoton,nucleus,45,-4.95758056640625,-3.0638442039489746
25570,lpips_psnr_gt,8,32,1900,4,nucleus_twophoton,twophoton,nucleus,45,-4.95758056640625,-3.0638442039489746
25570,mse_gt,4,asc_to512,400,4,nucleus_twophoton,twophoton,nucleus,45,-4.95758056640625,-3.0638442039489746
25570,psnr_gt,4,asc_to512,400,4,nucleus_twophoton,twophoton,nucleus,45,-4.95758056640625,-3.0638442039489746
25570,psnr_gt_rank,8,512,100,0,nucleus_twophoton,twophoton,nucleus,45,-4.95758056640625,-3.0638442039489746
25570,ssim_gt,5,asc_to512,600,4,nucleus_twophoton,twophoton,nucleus,45,-4.95758056640625,-3.0638442039489746
25731,l1_gt,8,256,900,4,nucleus_twophoton,twophoton,nucleus,46,-1.6194525957107544,-2.0551462173461914
25731,lpips_gt,8,512,2200,4,nucleus_twophoton,twophoton,nucleus,46,-1.6194525957107544,-2.0551462173461914
25731,lpips_gt_rank,5,512,100,0,nucleus_twophoton,twophoton,nucleus,46,-1.6194525957107544,-2.0551462173461914
25731,lpips_psnr_gt,8,256,1300,4,nucleus_twophoton,twophoton,nucleus,46,-1.6194525957107544,-2.0551462173461914
25731,mse_gt,8,256,1300,4,nucleus_twophoton,twophoton,nucleus,46,-1.6194525957107544,-2.0551462173461914
25731,psnr_gt,8,256,1300,4,nucleus_twophoton,twophoton,nucleus,46,-1.6194525957107544,-2.0551462173461914
25731,psnr_gt_rank,4,512,100,0,nucleus_twophoton,twophoton,nucleus,46,-1.6194525957107544,-2.0551462173461914
25731,ssim_gt,4,asc_to512,700,4,nucleus_twophoton,twophoton,nucleus,46,-1.6194525957107544,-2.0551462173461914
25835,l1_gt,4,32,2100,0,nucleus_twophoton,twophoton,nucleus,47,-2.0353665351867676,-0.8375461101531982
25835,lpips_gt,8,512,2300,4,nucleus_twophoton,twophoton,nucleus,47,-2.0353665351867676,-0.8375461101531982
25835,lpips_gt_rank,4,256,2500,4,nucleus_twophoton,twophoton,nucleus,47,-2.0353665351867676,-0.8375461101531982
25835,lpips_psnr_gt,8,128,1500,4,nucleus_twophoton,twophoton,nucleus,47,-2.0353665351867676,-0.8375461101531982
25835,mse_gt,8,128,1500,4,nucleus_twophoton,twophoton,nucleus,47,-2.0353665351867676,-0.8375461101531982
25835,psnr_gt,8,128,1500,4,nucleus_twophoton,twophoton,nucleus,47,-2.0353665351867676,-0.8375461101531982
25835,psnr_gt_rank,8,512,100,0,nucleus_twophoton,twophoton,nucleus,47,-2.0353665351867676,-0.8375461101531982
25835,ssim_gt,4,64,400,4,nucleus_twophoton,twophoton,nucleus,47,-2.0353665351867676,-0.8375461101531982
29444,l1_gt,6,64,2000,0,nucleus_twophoton,twophoton,nucleus,48,-0.42963293194770813,-1.5234463214874268
29444,lpips_gt,8,64,700,4,nucleus_twophoton,twophoton,nucleus,48,-0.42963293194770813,-1.5234463214874268
29444,lpips_gt_rank,6,512,2400,4,nucleus_twophoton,twophoton,nucleus,48,-0.42963293194770813,-1.5234463214874268
29444,lpips_psnr_gt,6,256,400,4,nucleus_twophoton,twophoton,nucleus,48,-0.42963293194770813,-1.5234463214874268
29444,mse_gt,6,256,400,4,nucleus_twophoton,twophoton,nucleus,48,-0.42963293194770813,-1.5234463214874268
29444,psnr_gt,6,256,400,4,nucleus_twophoton,twophoton,nucleus,48,-0.42963293194770813,-1.5234463214874268
29444,psnr_gt_rank,8,512,100,0,nucleus_twophoton,twophoton,nucleus,48,-0.42963293194770813,-1.5234463214874268
29444,ssim_gt,5,32,2800,0,nucleus_twophoton,twophoton,nucleus,48,-0.42963293194770813,-1.5234463214874268
30061,l1_gt,5,256,2400,0,nucleus_twophoton,twophoton,nucleus,49,-1.6629822254180908,-1.8473414182662964
30061,lpips_gt,8,512,1300,4,nucleus_twophoton,twophoton,nucleus,49,-1.6629822254180908,-1.8473414182662964
30061,lpips_gt_rank,4,512,2900,4,nucleus_twophoton,twophoton,nucleus,49,-1.6629822254180908,-1.8473414182662964
30061,lpips_psnr_gt,7,asc_to512,600,4,nucleus_twophoton,twophoton,nucleus,49,-1.6629822254180908,-1.8473414182662964
30061,mse_gt,5,asc_to512,2300,0,nucleus_twophoton,twophoton,nucleus,49,-1.6629822254180908,-1.8473414182662964
30061,psnr_gt,5,asc_to512,2300,0,nucleus_twophoton,twophoton,nucleus,49,-1.6629822254180908,-1.8473414182662964
30061,psnr_gt_rank,7,512,100,0,nucleus_twophoton,twophoton,nucleus,49,-1.6629822254180908,-1.8473414182662964
30061,ssim_gt,5,asc_to512,2800,0,nucleus_twophoton,twophoton,nucleus,49,-1.6629822254180908,-1.8473414182662964
30078,l1_gt,6,512,900,4,actin_twophoton,twophoton,actin,50,-1.9335039854049683,-3.5156407356262207
30078,lpips_gt,7,512,1800,4,actin_twophoton,twophoton,actin,50,-1.9335039854049683,-3.5156407356262207
30078,lpips_gt_rank,4,256,100,0,actin_twophoton,twophoton,actin,50,-1.9335039854049683,-3.5156407356262207
30078,lpips_psnr_gt,8,256,1900,4,actin_twophoton,twophoton,actin,50,-1.9335039854049683,-3.5156407356262207
30078,mse_gt,6,512,900,4,actin_twophoton,twophoton,actin,50,-1.9335039854049683,-3.5156407356262207
30078,psnr_gt,6,512,900,4,actin_twophoton,twophoton,actin,50,-1.9335039854049683,-3.5156407356262207
30078,psnr_gt_rank,8,512,100,0,actin_twophoton,twophoton,actin,50,-1.9335039854049683,-3.5156407356262207
30078,ssim_gt,4,asc_to512,2900,0,actin_twophoton,twophoton,actin,50,-1.9335039854049683,-3.5156407356262207
30380,l1_gt,7,128,1000,4,actin_twophoton,twophoton,actin,51,-4.634771823883057,-4.952447891235352
30380,lpips_gt,5,256,1100,4,actin_twophoton,twophoton,actin,51,-4.634771823883057,-4.952447891235352
30380,lpips_gt_rank,7,128,300,0,actin_twophoton,twophoton,actin,51,-4.634771823883057,-4.952447891235352
30380,lpips_psnr_gt,7,128,1200,4,actin_twophoton,twophoton,actin,51,-4.634771823883057,-4.952447891235352
30380,mse_gt,7,128,1000,4,actin_twophoton,twophoton,actin,51,-4.634771823883057,-4.952447891235352
30380,psnr_gt,7,128,1000,4,actin_twophoton,twophoton,actin,51,-4.634771823883057,-4.952447891235352
30380,psnr_gt_rank,8,512,100,0,actin_twophoton,twophoton,actin,51,-4.634771823883057,-4.952447891235352
30380,ssim_gt,7,512,1500,4,actin_twophoton,twophoton,actin,51,-4.634771823883057,-4.952447891235352
30531,l1_gt,4,asc_to512,2800,0,actin_twophoton,twophoton,actin,52,-1.9570101499557495,-3.5818591117858887
30531,lpips_gt,7,128,1600,4,actin_twophoton,twophoton,actin,52,-1.9570101499557495,-3.5818591117858887
30531,lpips_gt_rank,6,128,300,0,actin_twophoton,twophoton,actin,52,-1.9570101499557495,-3.5818591117858887
30531,lpips_psnr_gt,7,512,1600,4,actin_twophoton,twophoton,actin,52,-1.9570101499557495,-3.5818591117858887
30531,mse_gt,4,asc_to512,2800,0,actin_twophoton,twophoton,actin,52,-1.9570101499557495,-3.5818591117858887
30531,psnr_gt,4,asc_to512,2800,0,actin_twophoton,twophoton,actin,52,-1.9570101499557495,-3.5818591117858887
30531,psnr_gt_rank,8,512,100,0,actin_twophoton,twophoton,actin,52,-1.9570101499557495,-3.5818591117858887
30531,ssim_gt,5,512,1000,4,actin_twophoton,twophoton,actin,52,-1.9570101499557495,-3.5818591117858887
34153,l1_gt,4,asc_to512,2700,0,actin_twophoton,twophoton,actin,53,-1.9184106588363647,-3.5379891395568848
34153,lpips_gt,4,asc_to512,2900,0,actin_twophoton,twophoton,actin,53,-1.9184106588363647,-3.5379891395568848
34153,lpips_gt_rank,4,256,100,0,actin_twophoton,twophoton,actin,53,-1.9184106588363647,-3.5379891395568848
34153,lpips_psnr_gt,4,asc_to512,2900,0,actin_twophoton,twophoton,actin,53,-1.9184106588363647,-3.5379891395568848
34153,mse_gt,4,asc_to512,2700,0,actin_twophoton,twophoton,actin,53,-1.9184106588363647,-3.5379891395568848
34153,psnr_gt,4,asc_to512,2700,0,actin_twophoton,twophoton,actin,53,-1.9184106588363647,-3.5379891395568848
34153,psnr_gt_rank,8,512,100,0,actin_twophoton,twophoton,actin,53,-1.9184106588363647,-3.5379891395568848
34153,ssim_gt,4,asc_to512,2900,0,actin_twophoton,twophoton,actin,53,-1.9184106588363647,-3.5379891395568848
34192,l1_gt,4,64,2700,0,actin_twophoton,twophoton,actin,54,-2.7261435985565186,-3.008394718170166
34192,lpips_gt,7,256,1100,4,actin_twophoton,twophoton,actin,54,-2.7261435985565186,-3.008394718170166
34192,lpips_gt_rank,4,256,100,0,actin_twophoton,twophoton,actin,54,-2.7261435985565186,-3.008394718170166
34192,lpips_psnr_gt,4,asc_to512,2600,0,actin_twophoton,twophoton,actin,54,-2.7261435985565186,-3.008394718170166
34192,mse_gt,4,64,2500,0,actin_twophoton,twophoton,actin,54,-2.7261435985565186,-3.008394718170166
34192,psnr_gt,4,64,2500,0,actin_twophoton,twophoton,actin,54,-2.7261435985565186,-3.008394718170166
34192,psnr_gt_rank,7,512,100,4,actin_twophoton,twophoton,actin,54,-2.7261435985565186,-3.008394718170166
34192,ssim_gt,4,asc_to512,2900,0,actin_twophoton,twophoton,actin,54,-2.7261435985565186,-3.008394718170166
34235,l1_gt,4,asc_to512,2700,0,actin_twophoton,twophoton,actin,55,-2.8693740367889404,-3.7854056358337402
34235,lpips_gt,4,64,2900,0,actin_twophoton,twophoton,actin,55,-2.8693740367889404,-3.7854056358337402
34235,lpips_gt_rank,4,256,100,0,actin_twophoton,twophoton,actin,55,-2.8693740367889404,-3.7854056358337402
34235,lpips_psnr_gt,4,asc_to512,2900,0,actin_twophoton,twophoton,actin,55,-2.8693740367889404,-3.7854056358337402
34235,mse_gt,4,64,2800,0,actin_twophoton,twophoton,actin,55,-2.8693740367889404,-3.7854056358337402
34235,psnr_gt,4,64,2800,0,actin_twophoton,twophoton,actin,55,-2.8693740367889404,-3.7854056358337402
34235,psnr_gt_rank,7,512,100,0,actin_twophoton,twophoton,actin,55,-2.8693740367889404,-3.7854056358337402
34235,ssim_gt,4,asc_to512,2900,0,actin_twophoton,twophoton,actin,55,-2.8693740367889404,-3.7854056358337402
34417,l1_gt,4,asc_to512,2800,0,actin_twophoton,twophoton,actin,56,-4.6348795890808105,-4.953582286834717
34417,lpips_gt,4,64,2900,0,actin_twophoton,twophoton,actin,56,-4.6348795890808105,-4.953582286834717
34417,lpips_gt_rank,4,256,100,0,actin_twophoton,twophoton,actin,56,-4.6348795890808105,-4.953582286834717
34417,lpips_psnr_gt,4,64,2900,0,actin_twophoton,twophoton,actin,56,-4.6348795890808105,-4.953582286834717
34417,mse_gt,4,asc_to512,2800,0,actin_twophoton,twophoton,actin,56,-4.6348795890808105,-4.953582286834717
34417,psnr_gt,4,asc_to512,2800,0,actin_twophoton,twophoton,actin,56,-4.6348795890808105,-4.953582286834717
34417,psnr_gt_rank,8,512,100,4,actin_twophoton,twophoton,actin,56,-4.6348795890808105,-4.953582286834717
34417,ssim_gt,4,asc_to512,2800,0,actin_twophoton,twophoton,actin,56,-4.6348795890808105,-4.953582286834717
34418,l1_gt,4,asc_to512,2800,0,actin_twophoton,twophoton,actin,57,-4.63161563873291,-4.950248718261719
34418,lpips_gt,4,64,2900,0,actin_twophoton,twophoton,actin,57,-4.63161563873291,-4.950248718261719
34418,lpips_gt_rank,4,256,100,0,actin_twophoton,twophoton,actin,57,-4.63161563873291,-4.950248718261719
34418,lpips_psnr_gt,4,64,2900,0,actin_twophoton,twophoton,actin,57,-4.63161563873291,-4.950248718261719
34418,mse_gt,4,asc_to512,2800,0,actin_twophoton,twophoton,actin,57,-4.63161563873291,-4.950248718261719
34418,psnr_gt,4,asc_to512,2800,0,actin_twophoton,twophoton,actin,57,-4.63161563873291,-4.950248718261719
34418,psnr_gt_rank,8,512,100,4,actin_twophoton,twophoton,actin,57,-4.63161563873291,-4.950248718261719
34418,ssim_gt,4,asc_to512,2800,0,actin_twophoton,twophoton,actin,57,-4.63161563873291,-4.950248718261719
35008,l1_gt,4,64,2400,0,actin_twophoton,twophoton,actin,58,-0.9964513778686523,-3.5661699771881104
35008,lpips_gt,4,asc_to512,2900,0,actin_twophoton,twophoton,actin,58,-0.9964513778686523,-3.5661699771881104
35008,lpips_gt_rank,4,512,100,0,actin_twophoton,twophoton,actin,58,-0.9964513778686523,-3.5661699771881104
35008,lpips_psnr_gt,4,64,2900,0,actin_twophoton,twophoton,actin,58,-0.9964513778686523,-3.5661699771881104
35008,mse_gt,4,64,2400,0,actin_twophoton,twophoton,actin,58,-0.9964513778686523,-3.5661699771881104
35008,psnr_gt,4,64,2400,0,actin_twophoton,twophoton,actin,58,-0.9964513778686523,-3.5661699771881104
35008,psnr_gt_rank,8,512,100,4,actin_twophoton,twophoton,actin,58,-0.9964513778686523,-3.5661699771881104
35008,ssim_gt,4,64,2800,0,actin_twophoton,twophoton,actin,58,-0.9964513778686523,-3.5661699771881104
35085,l1_gt,4,64,2700,0,actin_twophoton,twophoton,actin,59,-1.159406304359436,-3.019390106201172
35085,lpips_gt,4,64,2900,0,actin_twophoton,twophoton,actin,59,-1.159406304359436,-3.019390106201172
35085,lpips_gt_rank,8,16,500,0,actin_twophoton,twophoton,actin,59,-1.159406304359436,-3.019390106201172
35085,lpips_psnr_gt,4,64,2700,0,actin_twophoton,twophoton,actin,59,-1.159406304359436,-3.019390106201172
35085,mse_gt,4,64,2700,0,actin_twophoton,twophoton,actin,59,-1.159406304359436,-3.019390106201172
35085,psnr_gt,4,64,2700,0,actin_twophoton,twophoton,actin,59,-1.159406304359436,-3.019390106201172
35085,psnr_gt_rank,8,512,100,0,actin_twophoton,twophoton,actin,59,-1.159406304359436,-3.019390106201172
35085,ssim_gt,4,64,2700,0,actin_twophoton,twophoton,actin,59,-1.159406304359436,-3.019390106201172
35648,l1_gt,4,32,1400,4,mito_twophoton,twophoton,mito,60,-2.12399959564209,-3.6026723384857178
35648,lpips_gt,6,64,2300,4,mito_twophoton,twophoton,mito,60,-2.12399959564209,-3.6026723384857178
35648,lpips_gt_rank,4,128,100,0,mito_twophoton,twophoton,mito,60,-2.12399959564209,-3.6026723384857178
35648,lpips_psnr_gt,6,64,2300,4,mito_twophoton,twophoton,mito,60,-2.12399959564209,-3.6026723384857178
35648,mse_gt,4,asc_to512,1400,4,mito_twophoton,twophoton,mito,60,-2.12399959564209,-3.6026723384857178
35648,psnr_gt,4,asc_to512,1400,4,mito_twophoton,twophoton,mito,60,-2.12399959564209,-3.6026723384857178
35648,psnr_gt_rank,8,asc_to512,100,4,mito_twophoton,twophoton,mito,60,-2.12399959564209,-3.6026723384857178
35648,ssim_gt,4,asc_to512,1400,4,mito_twophoton,twophoton,mito,60,-2.12399959564209,-3.6026723384857178
35666,l1_gt,4,64,1100,4,mito_twophoton,twophoton,mito,61,-1.524204969406128,-3.6441543102264404
35666,lpips_gt,4,64,1600,4,mito_twophoton,twophoton,mito,61,-1.524204969406128,-3.6441543102264404
35666,lpips_gt_rank,4,512,100,4,mito_twophoton,twophoton,mito,61,-1.524204969406128,-3.6441543102264404
35666,lpips_psnr_gt,4,64,1600,4,mito_twophoton,twophoton,mito,61,-1.524204969406128,-3.6441543102264404
35666,mse_gt,4,64,1100,4,mito_twophoton,twophoton,mito,61,-1.524204969406128,-3.6441543102264404
35666,psnr_gt,4,64,1100,4,mito_twophoton,twophoton,mito,61,-1.524204969406128,-3.6441543102264404
35666,psnr_gt_rank,8,asc_to512,100,4,mito_twophoton,twophoton,mito,61,-1.524204969406128,-3.6441543102264404
35666,ssim_gt,4,64,1200,4,mito_twophoton,twophoton,mito,61,-1.524204969406128,-3.6441543102264404
35673,l1_gt,4,128,1200,4,mito_twophoton,twophoton,mito,62,-1.8058085441589355,-3.585951566696167
35673,lpips_gt,6,512,2800,4,mito_twophoton,twophoton,mito,62,-1.8058085441589355,-3.585951566696167
35673,lpips_gt_rank,4,128,100,4,mito_twophoton,twophoton,mito,62,-1.8058085441589355,-3.585951566696167
35673,lpips_psnr_gt,6,512,2300,4,mito_twophoton,twophoton,mito,62,-1.8058085441589355,-3.585951566696167
35673,mse_gt,4,64,1400,4,mito_twophoton,twophoton,mito,62,-1.8058085441589355,-3.585951566696167
35673,psnr_gt,4,64,1400,4,mito_twophoton,twophoton,mito,62,-1.8058085441589355,-3.585951566696167
35673,psnr_gt_rank,8,asc_to512,100,4,mito_twophoton,twophoton,mito,62,-1.8058085441589355,-3.585951566696167
35673,ssim_gt,4,64,1400,4,mito_twophoton,twophoton,mito,62,-1.8058085441589355,-3.585951566696167
35912,l1_gt,7,128,1400,4,mito_twophoton,twophoton,mito,63,-1.5234930515289307,-1.946155071258545
35912,lpips_gt,7,128,1900,4,mito_twophoton,twophoton,mito,63,-1.5234930515289307,-1.946155071258545
35912,lpips_gt_rank,4,512,100,4,mito_twophoton,twophoton,mito,63,-1.5234930515289307,-1.946155071258545
35912,lpips_psnr_gt,7,32,2700,4,mito_twophoton,twophoton,mito,63,-1.5234930515289307,-1.946155071258545
35912,mse_gt,7,128,1400,4,mito_twophoton,twophoton,mito,63,-1.5234930515289307,-1.946155071258545
35912,psnr_gt,7,128,1400,4,mito_twophoton,twophoton,mito,63,-1.5234930515289307,-1.946155071258545
35912,psnr_gt_rank,8,asc_to512,100,4,mito_twophoton,twophoton,mito,63,-1.5234930515289307,-1.946155071258545
35912,ssim_gt,6,256,1500,4,mito_twophoton,twophoton,mito,63,-1.5234930515289307,-1.946155071258545
36077,l1_gt,4,64,1400,4,mito_twophoton,twophoton,mito,64,-1.2335073947906494,-1.1295653581619263
36077,lpips_gt,7,64,2200,4,mito_twophoton,twophoton,mito,64,-1.2335073947906494,-1.1295653581619263
36077,lpips_gt_rank,4,512,100,0,mito_twophoton,twophoton,mito,64,-1.2335073947906494,-1.1295653581619263
36077,lpips_psnr_gt,4,128,1500,4,mito_twophoton,twophoton,mito,64,-1.2335073947906494,-1.1295653581619263
36077,mse_gt,4,128,1500,4,mito_twophoton,twophoton,mito,64,-1.2335073947906494,-1.1295653581619263
36077,psnr_gt,4,128,1500,4,mito_twophoton,twophoton,mito,64,-1.2335073947906494,-1.1295653581619263
36077,psnr_gt_rank,8,asc_to512,100,4,mito_twophoton,twophoton,mito,64,-1.2335073947906494,-1.1295653581619263
36077,ssim_gt,4,64,1200,4,mito_twophoton,twophoton,mito,64,-1.2335073947906494,-1.1295653581619263
39163,l1_gt,7,256,1500,4,mito_twophoton,twophoton,mito,65,-0.6954323649406433,-0.6260008215904236
39163,lpips_gt,7,256,1500,4,mito_twophoton,twophoton,mito,65,-0.6954323649406433,-0.6260008215904236
39163,lpips_gt_rank,4,512,100,0,mito_twophoton,twophoton,mito,65,-0.6954323649406433,-0.6260008215904236
39163,lpips_psnr_gt,7,256,1500,4,mito_twophoton,twophoton,mito,65,-0.6954323649406433,-0.6260008215904236
39163,mse_gt,7,256,1500,4,mito_twophoton,twophoton,mito,65,-0.6954323649406433,-0.6260008215904236
39163,psnr_gt,7,256,1500,4,mito_twophoton,twophoton,mito,65,-0.6954323649406433,-0.6260008215904236
39163,psnr_gt_rank,8,asc_to512,100,4,mito_twophoton,twophoton,mito,65,-0.6954323649406433,-0.6260008215904236
39163,ssim_gt,4,64,2800,0,mito_twophoton,twophoton,mito,65,-0.6954323649406433,-0.6260008215904236
39518,l1_gt,4,64,2800,0,mito_twophoton,twophoton,mito,66,-1.6913689374923706,-0.5023486614227295
39518,lpips_gt,7,32,2100,4,mito_twophoton,twophoton,mito,66,-1.6913689374923706,-0.5023486614227295
39518,lpips_gt_rank,4,256,100,0,mito_twophoton,twophoton,mito,66,-1.6913689374923706,-0.5023486614227295
39518,lpips_psnr_gt,6,256,1600,4,mito_twophoton,twophoton,mito,66,-1.6913689374923706,-0.5023486614227295
39518,mse_gt,4,64,2800,0,mito_twophoton,twophoton,mito,66,-1.6913689374923706,-0.5023486614227295
39518,psnr_gt,4,64,2800,0,mito_twophoton,twophoton,mito,66,-1.6913689374923706,-0.5023486614227295
39518,psnr_gt_rank,8,asc_to512,100,4,mito_twophoton,twophoton,mito,66,-1.6913689374923706,-0.5023486614227295
39518,ssim_gt,4,64,2800,0,mito_twophoton,twophoton,mito,66,-1.6913689374923706,-0.5023486614227295
39593,l1_gt,4,32,900,4,mito_twophoton,twophoton,mito,67,-1.2515769004821777,-1.1600708961486816
39593,lpips_gt,8,256,2100,4,mito_twophoton,twophoton,mito,67,-1.2515769004821777,-1.1600708961486816
39593,lpips_gt_rank,4,asc_to512,100,0,mito_twophoton,twophoton,mito,67,-1.2515769004821777,-1.1600708961486816
39593,lpips_psnr_gt,8,512,2200,4,mito_twophoton,twophoton,mito,67,-1.2515769004821777,-1.1600708961486816
39593,mse_gt,5,128,900,4,mito_twophoton,twophoton,mito,67,-1.2515769004821777,-1.1600708961486816
39593,psnr_gt,5,128,900,4,mito_twophoton,twophoton,mito,67,-1.2515769004821777,-1.1600708961486816
39593,psnr_gt_rank,8,asc_to512,100,4,mito_twophoton,twophoton,mito,67,-1.2515769004821777,-1.1600708961486816
39593,ssim_gt,4,32,900,4,mito_twophoton,twophoton,mito,67,-1.2515769004821777,-1.1600708961486816
39696,l1_gt,4,64,2400,0,mito_twophoton,twophoton,mito,68,-1.325800895690918,-1.2322481870651245
39696,lpips_gt,6,16,2700,4,mito_twophoton,twophoton,mito,68,-1.325800895690918,-1.2322481870651245
39696,lpips_gt_rank,4,512,100,0,mito_twophoton,twophoton,mito,68,-1.325800895690918,-1.2322481870651245
39696,lpips_psnr_gt,6,16,2300,4,mito_twophoton,twophoton,mito,68,-1.325800895690918,-1.2322481870651245
39696,mse_gt,4,32,800,4,mito_twophoton,twophoton,mito,68,-1.325800895690918,-1.2322481870651245
39696,psnr_gt,4,32,800,4,mito_twophoton,twophoton,mito,68,-1.325800895690918,-1.2322481870651245
39696,psnr_gt_rank,8,asc_to512,100,4,mito_twophoton,twophoton,mito,68,-1.325800895690918,-1.2322481870651245
39696,ssim_gt,4,64,2800,0,mito_twophoton,twophoton,mito,68,-1.325800895690918,-1.2322481870651245
39764,l1_gt,4,64,600,4,mito_twophoton,twophoton,mito,69,-1.2430801391601562,-1.1432297229766846
39764,lpips_gt,8,512,1800,4,mito_twophoton,twophoton,mito,69,-1.2430801391601562,-1.1432297229766846
39764,lpips_gt_rank,4,asc_to512,100,4,mito_twophoton,twophoton,mito,69,-1.2430801391601562,-1.1432297229766846
39764,lpips_psnr_gt,8,512,1800,4,mito_twophoton,twophoton,mito,69,-1.2430801391601562,-1.1432297229766846
39764,mse_gt,4,64,600,4,mito_twophoton,twophoton,mito,69,-1.2430801391601562,-1.1432297229766846
39764,psnr_gt,4,64,600,4,mito_twophoton,twophoton,mito,69,-1.2430801391601562,-1.1432297229766846
39764,psnr_gt_rank,8,asc_to512,100,4,mito_twophoton,twophoton,mito,69,-1.2430801391601562,-1.1432297229766846
39764,ssim_gt,4,64,2800,0,mito_twophoton,twophoton,mito,69,-1.2430801391601562,-1.1432297229766846
45181,l1_gt,7,64,2400,0,nucleus_widefield,widefield,nucleus,70,1.7827873229980469,-7.3198771476745605
45181,lpips_gt,8,32,500,4,nucleus_widefield,widefield,nucleus,70,1.7827873229980469,-7.3198771476745605
45181,lpips_gt_rank,5,512,2900,4,nucleus_widefield,widefield,nucleus,70,1.7827873229980469,-7.3198771476745605
45181,lpips_psnr_gt,8,asc_to512,500,4,nucleus_widefield,widefield,nucleus,70,1.7827873229980469,-7.3198771476745605
45181,mse_gt,7,64,2600,0,nucleus_widefield,widefield,nucleus,70,1.7827873229980469,-7.3198771476745605
45181,psnr_gt,7,64,2600,0,nucleus_widefield,widefield,nucleus,70,1.7827873229980469,-7.3198771476745605
45181,psnr_gt_rank,7,512,100,0,nucleus_widefield,widefield,nucleus,70,1.7827873229980469,-7.3198771476745605
45181,ssim_gt,8,128,2400,0,nucleus_widefield,widefield,nucleus,70,1.7827873229980469,-7.3198771476745605
45206,l1_gt,8,asc_to512,2800,0,nucleus_widefield,widefield,nucleus,71,1.7829947471618652,-7.318826675415039
45206,lpips_gt,8,32,300,4,nucleus_widefield,widefield,nucleus,71,1.7829947471618652,-7.318826675415039
45206,lpips_gt_rank,4,256,2900,4,nucleus_widefield,widefield,nucleus,71,1.7829947471618652,-7.318826675415039
45206,lpips_psnr_gt,6,asc_to512,300,4,nucleus_widefield,widefield,nucleus,71,1.7829947471618652,-7.318826675415039
45206,mse_gt,6,asc_to512,300,4,nucleus_widefield,widefield,nucleus,71,1.7829947471618652,-7.318826675415039
45206,psnr_gt,6,asc_to512,300,4,nucleus_widefield,widefield,nucleus,71,1.7829947471618652,-7.318826675415039
45206,psnr_gt_rank,6,512,100,4,nucleus_widefield,widefield,nucleus,71,1.7829947471618652,-7.318826675415039
45206,ssim_gt,7,128,2500,0,nucleus_widefield,widefield,nucleus,71,1.7829947471618652,-7.318826675415039
45212,l1_gt,7,32,2100,0,nucleus_widefield,widefield,nucleus,72,1.8015408515930176,-7.339677810668945
45212,lpips_gt,7,16,100,4,nucleus_widefield,widefield,nucleus,72,1.8015408515930176,-7.339677810668945
45212,lpips_gt_rank,4,256,2700,4,nucleus_widefield,widefield,nucleus,72,1.8015408515930176,-7.339677810668945
45212,lpips_psnr_gt,8,32,300,4,nucleus_widefield,widefield,nucleus,72,1.8015408515930176,-7.339677810668945
45212,mse_gt,5,16,200,4,nucleus_widefield,widefield,nucleus,72,1.8015408515930176,-7.339677810668945
45212,psnr_gt,5,16,200,4,nucleus_widefield,widefield,nucleus,72,1.8015408515930176,-7.339677810668945
45212,psnr_gt_rank,8,512,100,0,nucleus_widefield,widefield,nucleus,72,1.8015408515930176,-7.339677810668945
45212,ssim_gt,7,32,2900,0,nucleus_widefield,widefield,nucleus,72,1.8015408515930176,-7.339677810668945
45411,l1_gt,8,64,1800,0,nucleus_widefield,widefield,nucleus,73,-3.231670379638672,-5.196890830993652
45411,lpips_gt,4,16,100,4,nucleus_widefield,widefield,nucleus,73,-3.231670379638672,-5.196890830993652
45411,lpips_gt_rank,4,256,2900,4,nucleus_widefield,widefield,nucleus,73,-3.231670379638672,-5.196890830993652
45411,lpips_psnr_gt,4,16,100,4,nucleus_widefield,widefield,nucleus,73,-3.231670379638672,-5.196890830993652
45411,mse_gt,8,64,2200,0,nucleus_widefield,widefield,nucleus,73,-3.231670379638672,-5.196890830993652
45411,psnr_gt,8,64,2200,0,nucleus_widefield,widefield,nucleus,73,-3.231670379638672,-5.196890830993652
45411,psnr_gt_rank,8,512,100,4,nucleus_widefield,widefield,nucleus,73,-3.231670379638672,-5.196890830993652
45411,ssim_gt,8,64,2500,0,nucleus_widefield,widefield,nucleus,73,-3.231670379638672,-5.196890830993652
46066,l1_gt,7,32,1700,0,nucleus_widefield,widefield,nucleus,74,19.174114227294922,-3.0300838947296143
46066,lpips_gt,8,16,100,4,nucleus_widefield,widefield,nucleus,74,19.174114227294922,-3.0300838947296143
46066,lpips_gt_rank,4,256,2900,4,nucleus_widefield,widefield,nucleus,74,19.174114227294922,-3.0300838947296143
46066,lpips_psnr_gt,6,asc_to512,300,4,nucleus_widefield,widefield,nucleus,74,19.174114227294922,-3.0300838947296143
46066,mse_gt,6,asc_to512,300,4,nucleus_widefield,widefield,nucleus,74,19.174114227294922,-3.0300838947296143
46066,psnr_gt,6,asc_to512,300,4,nucleus_widefield,widefield,nucleus,74,19.174114227294922,-3.0300838947296143
46066,psnr_gt_rank,7,512,1400,4,nucleus_widefield,widefield,nucleus,74,19.174114227294922,-3.0300838947296143
46066,ssim_gt,7,128,2400,0,nucleus_widefield,widefield,nucleus,74,19.174114227294922,-3.0300838947296143
46077,l1_gt,7,32,2800,0,nucleus_widefield,widefield,nucleus,75,19.22572135925293,-2.979043483734131
46077,lpips_gt,8,32,300,4,nucleus_widefield,widefield,nucleus,75,19.22572135925293,-2.979043483734131
46077,lpips_gt_rank,4,512,2800,4,nucleus_widefield,widefield,nucleus,75,19.22572135925293,-2.979043483734131
46077,lpips_psnr_gt,7,512,2600,0,nucleus_widefield,widefield,nucleus,75,19.22572135925293,-2.979043483734131
46077,mse_gt,7,512,2600,0,nucleus_widefield,widefield,nucleus,75,19.22572135925293,-2.979043483734131
46077,psnr_gt,7,512,2600,0,nucleus_widefield,widefield,nucleus,75,19.22572135925293,-2.979043483734131
46077,psnr_gt_rank,8,512,100,0,nucleus_widefield,widefield,nucleus,75,19.22572135925293,-2.979043483734131
46077,ssim_gt,7,128,2800,0,nucleus_widefield,widefield,nucleus,75,19.22572135925293,-2.979043483734131
46092,l1_gt,8,128,2000,0,nucleus_widefield,widefield,nucleus,76,19.160322189331055,-3.036593437194824
46092,lpips_gt,7,16,100,4,nucleus_widefield,widefield,nucleus,76,19.160322189331055,-3.036593437194824
46092,lpips_gt_rank,4,512,2900,4,nucleus_widefield,widefield,nucleus,76,19.160322189331055,-3.036593437194824
46092,lpips_psnr_gt,6,asc_to512,300,4,nucleus_widefield,widefield,nucleus,76,19.160322189331055,-3.036593437194824
46092,mse_gt,6,asc_to512,300,4,nucleus_widefield,widefield,nucleus,76,19.160322189331055,-3.036593437194824
46092,psnr_gt,6,asc_to512,300,4,nucleus_widefield,widefield,nucleus,76,19.160322189331055,-3.036593437194824
46092,psnr_gt_rank,8,512,100,4,nucleus_widefield,widefield,nucleus,76,19.160322189331055,-3.036593437194824
46092,ssim_gt,6,256,2900,0,nucleus_widefield,widefield,nucleus,76,19.160322189331055,-3.036593437194824
46100,l1_gt,7,128,2900,0,nucleus_widefield,widefield,nucleus,77,19.219449996948242,-2.9750444889068604
46100,lpips_gt,8,asc_to512,400,4,nucleus_widefield,widefield,nucleus,77,19.219449996948242,-2.9750444889068604
46100,lpips_gt_rank,4,256,2900,4,nucleus_widefield,widefield,nucleus,77,19.219449996948242,-2.9750444889068604
46100,lpips_psnr_gt,8,asc_to512,500,4,nucleus_widefield,widefield,nucleus,77,19.219449996948242,-2.9750444889068604
46100,mse_gt,8,32,2400,0,nucleus_widefield,widefield,nucleus,77,19.219449996948242,-2.9750444889068604
46100,psnr_gt,8,32,2400,0,nucleus_widefield,widefield,nucleus,77,19.219449996948242,-2.9750444889068604
46100,psnr_gt_rank,8,512,100,0,nucleus_widefield,widefield,nucleus,77,19.219449996948242,-2.9750444889068604
46100,ssim_gt,8,32,2400,0,nucleus_widefield,widefield,nucleus,77,19.219449996948242,-2.9750444889068604
49164,l1_gt,5,64,300,0,nucleus_widefield,widefield,nucleus,78,-1.4298175573349,-4.839723110198975
49164,lpips_gt,5,32,100,4,nucleus_widefield,widefield,nucleus,78,-1.4298175573349,-4.839723110198975
49164,lpips_gt_rank,5,512,2900,4,nucleus_widefield,widefield,nucleus,78,-1.4298175573349,-4.839723110198975
49164,lpips_psnr_gt,5,32,100,4,nucleus_widefield,widefield,nucleus,78,-1.4298175573349,-4.839723110198975
49164,mse_gt,5,64,300,0,nucleus_widefield,widefield,nucleus,78,-1.4298175573349,-4.839723110198975
49164,psnr_gt,5,64,300,0,nucleus_widefield,widefield,nucleus,78,-1.4298175573349,-4.839723110198975
49164,psnr_gt_rank,8,256,300,0,nucleus_widefield,widefield,nucleus,78,-1.4298175573349,-4.839723110198975
49164,ssim_gt,7,32,600,0,nucleus_widefield,widefield,nucleus,78,-1.4298175573349,-4.839723110198975
49532,l1_gt,6,128,2200,0,nucleus_widefield,widefield,nucleus,79,-2.0373761653900146,-6.632932662963867
49532,lpips_gt,8,32,200,4,nucleus_widefield,widefield,nucleus,79,-2.0373761653900146,-6.632932662963867
49532,lpips_gt_rank,4,512,2900,4,nucleus_widefield,widefield,nucleus,79,-2.0373761653900146,-6.632932662963867
49532,lpips_psnr_gt,8,32,200,4,nucleus_widefield,widefield,nucleus,79,-2.0373761653900146,-6.632932662963867
49532,mse_gt,8,32,2300,0,nucleus_widefield,widefield,nucleus,79,-2.0373761653900146,-6.632932662963867
49532,psnr_gt,8,32,2300,0,nucleus_widefield,widefield,nucleus,79,-2.0373761653900146,-6.632932662963867
49532,psnr_gt_rank,7,512,100,0,nucleus_widefield,widefield,nucleus,79,-2.0373761653900146,-6.632932662963867
49532,ssim_gt,8,32,2300,0,nucleus_widefield,widefield,nucleus,79,-2.0373761653900146,-6.632932662963867
49533,l1_gt,8,256,2900,0,nucleus_widefield,widefield,nucleus,80,-2.039598226547241,-6.619588851928711
49533,lpips_gt,4,asc_to512,200,4,nucleus_widefield,widefield,nucleus,80,-2.039598226547241,-6.619588851928711
49533,lpips_gt_rank,4,256,700,4,nucleus_widefield,widefield,nucleus,80,-2.039598226547241,-6.619588851928711
49533,lpips_psnr_gt,4,asc_to512,200,4,nucleus_widefield,widefield,nucleus,80,-2.039598226547241,-6.619588851928711
49533,mse_gt,8,128,1900,0,nucleus_widefield,widefield,nucleus,80,-2.039598226547241,-6.619588851928711
49533,psnr_gt,8,128,1900,0,nucleus_widefield,widefield,nucleus,80,-2.039598226547241,-6.619588851928711
49533,psnr_gt_rank,8,512,100,0,nucleus_widefield,widefield,nucleus,80,-2.039598226547241,-6.619588851928711
49533,ssim_gt,8,256,2900,0,nucleus_widefield,widefield,nucleus,80,-2.039598226547241,-6.619588851928711
49537,l1_gt,7,128,2200,0,nucleus_widefield,widefield,nucleus,81,-1.9978410005569458,-6.620173454284668
49537,lpips_gt,8,32,200,4,nucleus_widefield,widefield,nucleus,81,-1.9978410005569458,-6.620173454284668
49537,lpips_gt_rank,4,512,2900,4,nucleus_widefield,widefield,nucleus,81,-1.9978410005569458,-6.620173454284668
49537,lpips_psnr_gt,8,16,200,4,nucleus_widefield,widefield,nucleus,81,-1.9978410005569458,-6.620173454284668
49537,mse_gt,7,128,2000,0,nucleus_widefield,widefield,nucleus,81,-1.9978410005569458,-6.620173454284668
49537,psnr_gt,7,128,2000,0,nucleus_widefield,widefield,nucleus,81,-1.9978410005569458,-6.620173454284668
49537,psnr_gt_rank,8,512,100,4,nucleus_widefield,widefield,nucleus,81,-1.9978410005569458,-6.620173454284668
49537,ssim_gt,7,128,2900,0,nucleus_widefield,widefield,nucleus,81,-1.9978410005569458,-6.620173454284668
49543,l1_gt,8,256,2500,0,nucleus_widefield,widefield,nucleus,82,-2.0479025840759277,-6.609081745147705
49543,lpips_gt,7,32,100,4,nucleus_widefield,widefield,nucleus,82,-2.0479025840759277,-6.609081745147705
49543,lpips_gt_rank,8,512,2900,4,nucleus_widefield,widefield,nucleus,82,-2.0479025840759277,-6.609081745147705
49543,lpips_psnr_gt,7,64,200,4,nucleus_widefield,widefield,nucleus,82,-2.0479025840759277,-6.609081745147705
49543,mse_gt,8,256,2500,0,nucleus_widefield,widefield,nucleus,82,-2.0479025840759277,-6.609081745147705
49543,psnr_gt,8,256,2500,0,nucleus_widefield,widefield,nucleus,82,-2.0479025840759277,-6.609081745147705
49543,psnr_gt_rank,8,512,2900,4,nucleus_widefield,widefield,nucleus,82,-2.0479025840759277,-6.609081745147705
49543,ssim_gt,8,128,1800,0,nucleus_widefield,widefield,nucleus,82,-2.0479025840759277,-6.609081745147705
49831,l1_gt,8,256,2700,0,nucleus_widefield,widefield,nucleus,83,-0.9328931570053101,-8.075591087341309
49831,lpips_gt,7,16,100,4,nucleus_widefield,widefield,nucleus,83,-0.9328931570053101,-8.075591087341309
49831,lpips_gt_rank,5,512,2900,4,nucleus_widefield,widefield,nucleus,83,-0.9328931570053101,-8.075591087341309
49831,lpips_psnr_gt,8,asc_to512,500,4,nucleus_widefield,widefield,nucleus,83,-0.9328931570053101,-8.075591087341309
49831,mse_gt,8,asc_to512,500,4,nucleus_widefield,widefield,nucleus,83,-0.9328931570053101,-8.075591087341309
49831,psnr_gt,8,asc_to512,500,4,nucleus_widefield,widefield,nucleus,83,-0.9328931570053101,-8.075591087341309
49831,psnr_gt_rank,8,512,100,0,nucleus_widefield,widefield,nucleus,83,-0.9328931570053101,-8.075591087341309
49831,ssim_gt,7,128,2200,0,nucleus_widefield,widefield,nucleus,83,-0.9328931570053101,-8.075591087341309
50051,l1_gt,8,256,600,0,nucleus_widefield,widefield,nucleus,84,19.12088394165039,-3.079900026321411
50051,lpips_gt,4,16,100,4,nucleus_widefield,widefield,nucleus,84,19.12088394165039,-3.079900026321411
50051,lpips_gt_rank,4,256,2900,4,nucleus_widefield,widefield,nucleus,84,19.12088394165039,-3.079900026321411
50051,lpips_psnr_gt,8,asc_to512,300,4,nucleus_widefield,widefield,nucleus,84,19.12088394165039,-3.079900026321411
50051,mse_gt,6,256,1700,0,nucleus_widefield,widefield,nucleus,84,19.12088394165039,-3.079900026321411
50051,psnr_gt,6,256,1700,0,nucleus_widefield,widefield,nucleus,84,19.12088394165039,-3.079900026321411
50051,psnr_gt_rank,8,512,100,0,nucleus_widefield,widefield,nucleus,84,19.12088394165039,-3.079900026321411
50051,ssim_gt,8,32,1500,0,nucleus_widefield,widefield,nucleus,84,19.12088394165039,-3.079900026321411
50060,l1_gt,7,32,800,0,nucleus_widefield,widefield,nucleus,85,19.170289993286133,-3.0114545822143555
50060,lpips_gt,7,16,100,4,nucleus_widefield,widefield,nucleus,85,19.170289993286133,-3.0114545822143555
50060,lpips_gt_rank,4,512,2900,4,nucleus_widefield,widefield,nucleus,85,19.170289993286133,-3.0114545822143555
50060,lpips_psnr_gt,7,16,200,4,nucleus_widefield,widefield,nucleus,85,19.170289993286133,-3.0114545822143555
50060,mse_gt,8,128,2200,0,nucleus_widefield,widefield,nucleus,85,19.170289993286133,-3.0114545822143555
50060,psnr_gt,8,128,2200,0,nucleus_widefield,widefield,nucleus,85,19.170289993286133,-3.0114545822143555
50060,psnr_gt_rank,8,512,100,0,nucleus_widefield,widefield,nucleus,85,19.170289993286133,-3.0114545822143555
50060,ssim_gt,7,32,1500,0,nucleus_widefield,widefield,nucleus,85,19.170289993286133,-3.0114545822143555
50070,l1_gt,7,asc_to512,600,0,nucleus_widefield,widefield,nucleus,86,19.163549423217773,-3.028747797012329
50070,lpips_gt,8,32,300,4,nucleus_widefield,widefield,nucleus,86,19.163549423217773,-3.028747797012329
50070,lpips_gt_rank,5,512,2900,4,nucleus_widefield,widefield,nucleus,86,19.163549423217773,-3.028747797012329
50070,lpips_psnr_gt,6,asc_to512,200,4,nucleus_widefield,widefield,nucleus,86,19.163549423217773,-3.028747797012329
50070,mse_gt,6,asc_to512,200,4,nucleus_widefield,widefield,nucleus,86,19.163549423217773,-3.028747797012329
50070,psnr_gt,6,asc_to512,200,4,nucleus_widefield,widefield,nucleus,86,19.163549423217773,-3.028747797012329
50070,psnr_gt_rank,8,512,100,0,nucleus_widefield,widefield,nucleus,86,19.163549423217773,-3.028747797012329
50070,ssim_gt,7,512,2800,0,nucleus_widefield,widefield,nucleus,86,19.163549423217773,-3.028747797012329
50078,l1_gt,8,asc_to512,1500,0,nucleus_widefield,widefield,nucleus,87,19.341325759887695,-2.761963129043579
50078,lpips_gt,8,32,300,4,nucleus_widefield,widefield,nucleus,87,19.341325759887695,-2.761963129043579
50078,lpips_gt_rank,4,256,2900,4,nucleus_widefield,widefield,nucleus,87,19.341325759887695,-2.761963129043579
50078,lpips_psnr_gt,8,32,200,4,nucleus_widefield,widefield,nucleus,87,19.341325759887695,-2.761963129043579
50078,mse_gt,7,64,200,4,nucleus_widefield,widefield,nucleus,87,19.341325759887695,-2.761963129043579
50078,psnr_gt,7,64,200,4,nucleus_widefield,widefield,nucleus,87,19.341325759887695,-2.761963129043579
50078,psnr_gt_rank,8,512,100,0,nucleus_widefield,widefield,nucleus,87,19.341325759887695,-2.761963129043579
50078,ssim_gt,6,128,2500,0,nucleus_widefield,widefield,nucleus,87,19.341325759887695,-2.761963129043579
50084,l1_gt,8,32,1200,0,nucleus_widefield,widefield,nucleus,88,19.376018524169922,-2.760557174682617
50084,lpips_gt,5,asc_to512,200,4,nucleus_widefield,widefield,nucleus,88,19.376018524169922,-2.760557174682617
50084,lpips_gt_rank,4,512,2800,4,nucleus_widefield,widefield,nucleus,88,19.376018524169922,-2.760557174682617
50084,lpips_psnr_gt,8,32,200,4,nucleus_widefield,widefield,nucleus,88,19.376018524169922,-2.760557174682617
50084,mse_gt,7,64,200,4,nucleus_widefield,widefield,nucleus,88,19.376018524169922,-2.760557174682617
50084,psnr_gt,7,64,200,4,nucleus_widefield,widefield,nucleus,88,19.376018524169922,-2.760557174682617
50084,psnr_gt_rank,8,512,100,4,nucleus_widefield,widefield,nucleus,88,19.376018524169922,-2.760557174682617
50084,ssim_gt,7,64,700,0,nucleus_widefield,widefield,nucleus,88,19.376018524169922,-2.760557174682617
50095,l1_gt,7,256,2100,0,nucleus_widefield,widefield,nucleus,89,19.222341537475586,-2.976621389389038
50095,lpips_gt,7,16,100,4,nucleus_widefield,widefield,nucleus,89,19.222341537475586,-2.976621389389038
50095,lpips_gt_rank,4,512,2900,4,nucleus_widefield,widefield,nucleus,89,19.222341537475586,-2.976621389389038
50095,lpips_psnr_gt,7,16,100,4,nucleus_widefield,widefield,nucleus,89,19.222341537475586,-2.976621389389038
50095,mse_gt,6,128,2400,0,nucleus_widefield,widefield,nucleus,89,19.222341537475586,-2.976621389389038
50095,psnr_gt,6,128,2400,0,nucleus_widefield,widefield,nucleus,89,19.222341537475586,-2.976621389389038
50095,psnr_gt_rank,8,512,100,0,nucleus_widefield,widefield,nucleus,89,19.222341537475586,-2.976621389389038
50095,ssim_gt,7,asc_to512,2100,0,nucleus_widefield,widefield,nucleus,89,19.222341537475586,-2.976621389389038
50189,l1_gt,5,64,2000,0,actin_widefield,widefield,actin,90,-1.9768738746643066,-5.053617000579834
50189,lpips_gt,8,16,1000,4,actin_widefield,widefield,actin,90,-1.9768738746643066,-5.053617000579834
50189,lpips_gt_rank,5,512,100,0,actin_widefield,widefield,actin,90,-1.9768738746643066,-5.053617000579834
50189,lpips_psnr_gt,6,asc_to512,600,4,actin_widefield,widefield,actin,90,-1.9768738746643066,-5.053617000579834
50189,mse_gt,5,64,2000,0,actin_widefield,widefield,actin,90,-1.9768738746643066,-5.053617000579834
50189,psnr_gt,5,64,2000,0,actin_widefield,widefield,actin,90,-1.9768738746643066,-5.053617000579834
50189,psnr_gt_rank,8,512,100,4,actin_widefield,widefield,actin,90,-1.9768738746643066,-5.053617000579834
50189,ssim_gt,5,asc_to512,2900,0,actin_widefield,widefield,actin,90,-1.9768738746643066,-5.053617000579834
50302,l1_gt,4,asc_to512,1200,0,actin_widefield,widefield,actin,91,-2.596567153930664,-5.862605094909668
50302,lpips_gt,8,32,700,4,actin_widefield,widefield,actin,91,-2.596567153930664,-5.862605094909668
50302,lpips_gt_rank,6,256,200,0,actin_widefield,widefield,actin,91,-2.596567153930664,-5.862605094909668
50302,lpips_psnr_gt,8,32,600,4,actin_widefield,widefield,actin,91,-2.596567153930664,-5.862605094909668
50302,mse_gt,4,asc_to512,1200,0,actin_widefield,widefield,actin,91,-2.596567153930664,-5.862605094909668
50302,psnr_gt,4,asc_to512,1200,0,actin_widefield,widefield,actin,91,-2.596567153930664,-5.862605094909668
50302,psnr_gt_rank,7,256,100,4,actin_widefield,widefield,actin,91,-2.596567153930664,-5.862605094909668
50302,ssim_gt,5,64,2700,0,actin_widefield,widefield,actin,91,-2.596567153930664,-5.862605094909668
50351,l1_gt,5,asc_to512,2800,0,actin_widefield,widefield,actin,92,-3.1990809440612793,-6.740862846374512
50351,lpips_gt,7,asc_to512,900,4,actin_widefield,widefield,actin,92,-3.1990809440612793,-6.740862846374512
50351,lpips_gt_rank,8,256,200,0,actin_widefield,widefield,actin,92,-3.1990809440612793,-6.740862846374512
50351,lpips_psnr_gt,7,32,600,4,actin_widefield,widefield,actin,92,-3.1990809440612793,-6.740862846374512
50351,mse_gt,5,asc_to512,2800,0,actin_widefield,widefield,actin,92,-3.1990809440612793,-6.740862846374512
50351,psnr_gt,5,asc_to512,2800,0,actin_widefield,widefield,actin,92,-3.1990809440612793,-6.740862846374512
50351,psnr_gt_rank,8,512,100,0,actin_widefield,widefield,actin,92,-3.1990809440612793,-6.740862846374512
50351,ssim_gt,5,asc_to512,2800,0,actin_widefield,widefield,actin,92,-3.1990809440612793,-6.740862846374512
50408,l1_gt,4,64,1000,0,actin_widefield,widefield,actin,93,-3.1299219131469727,-6.003275394439697
50408,lpips_gt,6,asc_to512,600,4,actin_widefield,widefield,actin,93,-3.1299219131469727,-6.003275394439697
50408,lpips_gt_rank,6,512,200,0,actin_widefield,widefield,actin,93,-3.1299219131469727,-6.003275394439697
50408,lpips_psnr_gt,6,asc_to512,600,4,actin_widefield,widefield,actin,93,-3.1299219131469727,-6.003275394439697
50408,mse_gt,4,64,1000,0,actin_widefield,widefield,actin,93,-3.1299219131469727,-6.003275394439697
50408,psnr_gt,4,64,1000,0,actin_widefield,widefield,actin,93,-3.1299219131469727,-6.003275394439697
50408,psnr_gt_rank,7,512,100,4,actin_widefield,widefield,actin,93,-3.1299219131469727,-6.003275394439697
50408,ssim_gt,4,64,1300,0,actin_widefield,widefield,actin,93,-3.1299219131469727,-6.003275394439697
50524,l1_gt,4,128,1900,0,actin_widefield,widefield,actin,94,-2.779802083969116,-6.366868495941162
50524,lpips_gt,8,64,700,4,actin_widefield,widefield,actin,94,-2.779802083969116,-6.366868495941162
50524,lpips_gt_rank,4,512,100,0,actin_widefield,widefield,actin,94,-2.779802083969116,-6.366868495941162
50524,lpips_psnr_gt,8,64,600,4,actin_widefield,widefield,actin,94,-2.779802083969116,-6.366868495941162
50524,mse_gt,4,64,1500,0,actin_widefield,widefield,actin,94,-2.779802083969116,-6.366868495941162
50524,psnr_gt,4,64,1500,0,actin_widefield,widefield,actin,94,-2.779802083969116,-6.366868495941162
50524,psnr_gt_rank,8,128,100,0,actin_widefield,widefield,actin,94,-2.779802083969116,-6.366868495941162
50524,ssim_gt,4,64,1500,0,actin_widefield,widefield,actin,94,-2.779802083969116,-6.366868495941162
50529,l1_gt,5,64,2500,0,actin_widefield,widefield,actin,95,-2.6205456256866455,-5.862696647644043
50529,lpips_gt,8,64,600,4,actin_widefield,widefield,actin,95,-2.6205456256866455,-5.862696647644043
50529,lpips_gt_rank,4,256,100,0,actin_widefield,widefield,actin,95,-2.6205456256866455,-5.862696647644043
50529,lpips_psnr_gt,8,32,600,4,actin_widefield,widefield,actin,95,-2.6205456256866455,-5.862696647644043
50529,mse_gt,5,64,2500,0,actin_widefield,widefield,actin,95,-2.6205456256866455,-5.862696647644043
50529,psnr_gt,5,64,2500,0,actin_widefield,widefield,actin,95,-2.6205456256866455,-5.862696647644043
50529,psnr_gt_rank,8,512,100,0,actin_widefield,widefield,actin,95,-2.6205456256866455,-5.862696647644043
50529,ssim_gt,5,asc_to512,2800,0,actin_widefield,widefield,actin,95,-2.6205456256866455,-5.862696647644043
50728,l1_gt,5,128,2300,0,actin_widefield,widefield,actin,96,-2.6094582080841064,-5.889684677124023
50728,lpips_gt,8,32,700,4,actin_widefield,widefield,actin,96,-2.6094582080841064,-5.889684677124023
50728,lpips_gt_rank,8,512,100,0,actin_widefield,widefield,actin,96,-2.6094582080841064,-5.889684677124023
50728,lpips_psnr_gt,8,32,600,4,actin_widefield,widefield,actin,96,-2.6094582080841064,-5.889684677124023
50728,mse_gt,5,128,2300,0,actin_widefield,widefield,actin,96,-2.6094582080841064,-5.889684677124023
50728,psnr_gt,5,128,2300,0,actin_widefield,widefield,actin,96,-2.6094582080841064,-5.889684677124023
50728,psnr_gt_rank,7,512,100,0,actin_widefield,widefield,actin,96,-2.6094582080841064,-5.889684677124023
50728,ssim_gt,5,128,2800,0,actin_widefield,widefield,actin,96,-2.6094582080841064,-5.889684677124023
50995,l1_gt,5,64,2700,0,actin_widefield,widefield,actin,97,-3.084760904312134,-6.116504669189453
50995,lpips_gt,7,32,500,4,actin_widefield,widefield,actin,97,-3.084760904312134,-6.116504669189453
50995,lpips_gt_rank,6,256,100,0,actin_widefield,widefield,actin,97,-3.084760904312134,-6.116504669189453
50995,lpips_psnr_gt,8,64,500,4,actin_widefield,widefield,actin,97,-3.084760904312134,-6.116504669189453
50995,mse_gt,5,64,2700,0,actin_widefield,widefield,actin,97,-3.084760904312134,-6.116504669189453
50995,psnr_gt,5,64,2700,0,actin_widefield,widefield,actin,97,-3.084760904312134,-6.116504669189453
50995,psnr_gt_rank,7,256,200,0,actin_widefield,widefield,actin,97,-3.084760904312134,-6.116504669189453
50995,ssim_gt,5,64,2700,0,actin_widefield,widefield,actin,97,-3.084760904312134,-6.116504669189453
54278,l1_gt,6,asc_to512,2200,0,actin_widefield,widefield,actin,98,-1.9444446563720703,-5.036502361297607
54278,lpips_gt,8,32,400,4,actin_widefield,widefield,actin,98,-1.9444446563720703,-5.036502361297607
54278,lpips_gt_rank,6,512,100,0,actin_widefield,widefield,actin,98,-1.9444446563720703,-5.036502361297607
54278,lpips_psnr_gt,8,32,400,4,actin_widefield,widefield,actin,98,-1.9444446563720703,-5.036502361297607
54278,mse_gt,6,asc_to512,2200,0,actin_widefield,widefield,actin,98,-1.9444446563720703,-5.036502361297607
54278,psnr_gt,6,asc_to512,2200,0,actin_widefield,widefield,actin,98,-1.9444446563720703,-5.036502361297607
54278,psnr_gt_rank,7,256,100,0,actin_widefield,widefield,actin,98,-1.9444446563720703,-5.036502361297607
54278,ssim_gt,5,128,1700,0,actin_widefield,widefield,actin,98,-1.9444446563720703,-5.036502361297607
54882,l1_gt,5,asc_to512,1700,0,actin_widefield,widefield,actin,99,-2.619309425354004,-5.848072528839111
54882,lpips_gt,8,32,400,4,actin_widefield,widefield,actin,99,-2.619309425354004,-5.848072528839111
54882,lpips_gt_rank,5,256,100,0,actin_widefield,widefield,actin,99,-2.619309425354004,-5.848072528839111
54882,lpips_psnr_gt,8,32,400,4,actin_widefield,widefield,actin,99,-2.619309425354004,-5.848072528839111
54882,mse_gt,5,asc_to512,1700,0,actin_widefield,widefield,actin,99,-2.619309425354004,-5.848072528839111
54882,psnr_gt,5,asc_to512,1700,0,actin_widefield,widefield,actin,99,-2.619309425354004,-5.848072528839111
54882,psnr_gt_rank,8,256,100,4,actin_widefield,widefield,actin,99,-2.619309425354004,-5.848072528839111
54882,ssim_gt,5,asc_to512,2000,0,actin_widefield,widefield,actin,99,-2.619309425354004,-5.848072528839111
55433,l1_gt,5,32,200,4,mito_widefield,widefield,mito,100,-1.2223149538040161,-4.582388401031494
55433,lpips_gt,8,16,600,4,mito_widefield,widefield,mito,100,-1.2223149538040161,-4.582388401031494
55433,lpips_gt_rank,4,256,2900,4,mito_widefield,widefield,mito,100,-1.2223149538040161,-4.582388401031494
55433,lpips_psnr_gt,8,asc_to512,1300,4,mito_widefield,widefield,mito,100,-1.2223149538040161,-4.582388401031494
55433,mse_gt,5,32,200,4,mito_widefield,widefield,mito,100,-1.2223149538040161,-4.582388401031494
55433,psnr_gt,5,32,200,4,mito_widefield,widefield,mito,100,-1.2223149538040161,-4.582388401031494
55433,psnr_gt_rank,8,512,100,0,mito_widefield,widefield,mito,100,-1.2223149538040161,-4.582388401031494
55433,ssim_gt,5,128,2900,0,mito_widefield,widefield,mito,100,-1.2223149538040161,-4.582388401031494
55706,l1_gt,6,asc_to512,300,4,mito_widefield,widefield,mito,101,-1.3956952095031738,-5.92432975769043
55706,lpips_gt,8,16,800,4,mito_widefield,widefield,mito,101,-1.3956952095031738,-5.92432975769043
55706,lpips_gt_rank,6,512,100,0,mito_widefield,widefield,mito,101,-1.3956952095031738,-5.92432975769043
55706,lpips_psnr_gt,8,16,700,4,mito_widefield,widefield,mito,101,-1.3956952095031738,-5.92432975769043
55706,mse_gt,6,asc_to512,300,4,mito_widefield,widefield,mito,101,-1.3956952095031738,-5.92432975769043
55706,psnr_gt,6,asc_to512,300,4,mito_widefield,widefield,mito,101,-1.3956952095031738,-5.92432975769043
55706,psnr_gt_rank,7,512,100,4,mito_widefield,widefield,mito,101,-1.3956952095031738,-5.92432975769043
55706,ssim_gt,5,128,2700,0,mito_widefield,widefield,mito,101,-1.3956952095031738,-5.92432975769043
55735,l1_gt,6,32,300,4,mito_widefield,widefield,mito,102,-1.8808774948120117,-4.562378883361816
55735,lpips_gt,8,32,700,4,mito_widefield,widefield,mito,102,-1.8808774948120117,-4.562378883361816
55735,lpips_gt_rank,6,256,100,0,mito_widefield,widefield,mito,102,-1.8808774948120117,-4.562378883361816
55735,lpips_psnr_gt,8,32,700,4,mito_widefield,widefield,mito,102,-1.8808774948120117,-4.562378883361816
55735,mse_gt,6,32,300,4,mito_widefield,widefield,mito,102,-1.8808774948120117,-4.562378883361816
55735,psnr_gt,6,32,300,4,mito_widefield,widefield,mito,102,-1.8808774948120117,-4.562378883361816
55735,psnr_gt_rank,8,512,100,0,mito_widefield,widefield,mito,102,-1.8808774948120117,-4.562378883361816
55735,ssim_gt,5,asc_to512,2700,0,mito_widefield,widefield,mito,102,-1.8808774948120117,-4.562378883361816
55748,l1_gt,8,32,400,4,mito_widefield,widefield,mito,103,-1.904554843902588,-4.610624313354492
55748,lpips_gt,4,16,300,4,mito_widefield,widefield,mito,103,-1.904554843902588,-4.610624313354492
55748,lpips_gt_rank,4,512,100,0,mito_widefield,widefield,mito,103,-1.904554843902588,-4.610624313354492
55748,lpips_psnr_gt,8,32,700,4,mito_widefield,widefield,mito,103,-1.904554843902588,-4.610624313354492
55748,mse_gt,8,32,700,4,mito_widefield,widefield,mito,103,-1.904554843902588,-4.610624313354492
55748,psnr_gt,8,32,700,4,mito_widefield,widefield,mito,103,-1.904554843902588,-4.610624313354492
55748,psnr_gt_rank,8,asc_to512,100,4,mito_widefield,widefield,mito,103,-1.904554843902588,-4.610624313354492
55748,ssim_gt,5,128,2900,0,mito_widefield,widefield,mito,103,-1.904554843902588,-4.610624313354492
56058,l1_gt,6,32,300,4,mito_widefield,widefield,mito,104,-1.8539235591888428,-4.541923999786377
56058,lpips_gt,6,32,300,4,mito_widefield,widefield,mito,104,-1.8539235591888428,-4.541923999786377
56058,lpips_gt_rank,6,512,100,0,mito_widefield,widefield,mito,104,-1.8539235591888428,-4.541923999786377
56058,lpips_psnr_gt,6,32,300,4,mito_widefield,widefield,mito,104,-1.8539235591888428,-4.541923999786377
56058,mse_gt,4,32,200,4,mito_widefield,widefield,mito,104,-1.8539235591888428,-4.541923999786377
56058,psnr_gt,4,32,200,4,mito_widefield,widefield,mito,104,-1.8539235591888428,-4.541923999786377
56058,psnr_gt_rank,8,512,100,0,mito_widefield,widefield,mito,104,-1.8539235591888428,-4.541923999786377
56058,ssim_gt,5,asc_to512,2300,0,mito_widefield,widefield,mito,104,-1.8539235591888428,-4.541923999786377
59200,l1_gt,8,asc_to512,500,4,mito_widefield,widefield,mito,105,-1.3317266702651978,-4.936601161956787
59200,lpips_gt,8,16,400,4,mito_widefield,widefield,mito,105,-1.3317266702651978,-4.936601161956787
59200,lpips_gt_rank,4,512,100,0,mito_widefield,widefield,mito,105,-1.3317266702651978,-4.936601161956787
59200,lpips_psnr_gt,8,32,300,4,mito_widefield,widefield,mito,105,-1.3317266702651978,-4.936601161956787
59200,mse_gt,8,32,300,4,mito_widefield,widefield,mito,105,-1.3317266702651978,-4.936601161956787
59200,psnr_gt,8,32,300,4,mito_widefield,widefield,mito,105,-1.3317266702651978,-4.936601161956787
59200,psnr_gt_rank,8,512,100,4,mito_widefield,widefield,mito,105,-1.3317266702651978,-4.936601161956787
59200,ssim_gt,6,asc_to512,2600,0,mito_widefield,widefield,mito,105,-1.3317266702651978,-4.936601161956787
59251,l1_gt,6,16,200,4,mito_widefield,widefield,mito,106,-2.0182406902313232,-2.8384556770324707
59251,lpips_gt,8,32,500,4,mito_widefield,widefield,mito,106,-2.0182406902313232,-2.8384556770324707
59251,lpips_gt_rank,4,256,2700,4,mito_widefield,widefield,mito,106,-2.0182406902313232,-2.8384556770324707
59251,lpips_psnr_gt,8,32,500,4,mito_widefield,widefield,mito,106,-2.0182406902313232,-2.8384556770324707
59251,mse_gt,7,32,200,4,mito_widefield,widefield,mito,106,-2.0182406902313232,-2.8384556770324707
59251,psnr_gt,7,32,200,4,mito_widefield,widefield,mito,106,-2.0182406902313232,-2.8384556770324707
59251,psnr_gt_rank,8,512,100,0,mito_widefield,widefield,mito,106,-2.0182406902313232,-2.8384556770324707
59251,ssim_gt,6,asc_to512,2900,0,mito_widefield,widefield,mito,106,-2.0182406902313232,-2.8384556770324707
59256,l1_gt,8,asc_to512,400,4,mito_widefield,widefield,mito,107,-2.476595163345337,-3.242640256881714
59256,lpips_gt,8,32,300,4,mito_widefield,widefield,mito,107,-2.476595163345337,-3.242640256881714
59256,lpips_gt_rank,4,256,2900,4,mito_widefield,widefield,mito,107,-2.476595163345337,-3.242640256881714
59256,lpips_psnr_gt,8,16,400,4,mito_widefield,widefield,mito,107,-2.476595163345337,-3.242640256881714
59256,mse_gt,6,32,200,4,mito_widefield,widefield,mito,107,-2.476595163345337,-3.242640256881714
59256,psnr_gt,6,32,200,4,mito_widefield,widefield,mito,107,-2.476595163345337,-3.242640256881714
59256,psnr_gt_rank,8,512,100,0,mito_widefield,widefield,mito,107,-2.476595163345337,-3.242640256881714
59256,ssim_gt,6,128,2800,0,mito_widefield,widefield,mito,107,-2.476595163345337,-3.242640256881714
59696,l1_gt,4,32,100,4,mito_widefield,widefield,mito,108,-1.5608223676681519,-5.151504993438721
59696,lpips_gt,8,32,300,4,mito_widefield,widefield,mito,108,-1.5608223676681519,-5.151504993438721
59696,lpips_gt_rank,4,512,2900,4,mito_widefield,widefield,mito,108,-1.5608223676681519,-5.151504993438721
59696,lpips_psnr_gt,8,32,300,4,mito_widefield,widefield,mito,108,-1.5608223676681519,-5.151504993438721
59696,mse_gt,6,64,1700,0,mito_widefield,widefield,mito,108,-1.5608223676681519,-5.151504993438721
59696,psnr_gt,6,64,1700,0,mito_widefield,widefield,mito,108,-1.5608223676681519,-5.151504993438721
59696,psnr_gt_rank,8,512,100,4,mito_widefield,widefield,mito,108,-1.5608223676681519,-5.151504993438721
59696,ssim_gt,6,64,2200,0,mito_widefield,widefield,mito,108,-1.5608223676681519,-5.151504993438721
59789,l1_gt,8,32,400,4,mito_widefield,widefield,mito,109,-1.3879815340042114,-5.006813049316406
59789,lpips_gt,8,32,500,4,mito_widefield,widefield,mito,109,-1.3879815340042114,-5.006813049316406
59789,lpips_gt_rank,4,256,2900,4,mito_widefield,widefield,mito,109,-1.3879815340042114,-5.006813049316406
59789,lpips_psnr_gt,8,32,400,4,mito_widefield,widefield,mito,109,-1.3879815340042114,-5.006813049316406
59789,mse_gt,8,32,400,4,mito_widefield,widefield,mito,109,-1.3879815340042114,-5.006813049316406
59789,psnr_gt,8,32,400,4,mito_widefield,widefield,mito,109,-1.3879815340042114,-5.006813049316406
59789,psnr_gt_rank,8,512,100,0,mito_widefield,widefield,mito,109,-1.3879815340042114,-5.006813049316406
59789,ssim_gt,6,128,2700,0,mito_widefield,widefield,mito,109,-1.3879815340042114,-5.006813049316406
